name,year
A. J. Milner,1994
Aaron Finerman,1994
Adele Goldberg,1994
Allen Tucker,1994
Andries van Dam,1994
Anthony Ralston,1994
Azriel Rosenfeld,1994
Barbara B. Simons,1994
Ben Wegbreit,1994
Bernard A. Galler,1994
Bjarne Stroustrup,1994
Bob Frankston,1994
Bob O. Evans,1994
Bruce Lindsay,1994
Burton Smith,1994
Butler W. Lampson,1994
C. Gordon Bell,1994
C.L. Liu,1994
Calvin C. Gotlieb,1994
Charles L. Bradshaw,1994
Charles P. Thacker,1994
Charles W. Gear,1994
Cordell Green,1994
Dan Bricklin,1994
Dana S. Scott,1994
Daniel Bobrow,1994
Daniel D. McCracken,1994
Daniel P. Siewiorek,1994
David Harel,1994
David J. Kuck,1994
David J. Wheeler,1994
David Lie,1994
David Lorge Parnas,1994
David Patterson,1994
David R. Boggs,1994
Donald Chamberlin,1994
Donald E. Knuth,1994
Donald R. Slutz,1994
Douglas K. Brotz,1994
Edgar F. Codd,1994
Edsger W. Dijkstra,1994
Edward A. Taft,1994
Edward G. Coffman Jr.,1994
Edward McCluskey,1994
Eric A. Weiss,1994
Fernando J. Corbató,1994
Frances Allen,1994
Frank Friedman,1994
Franz L. Alt,1994
Fred H. Harris,1994
Frederick P. Brooks Jr.,1994
Gerald J. Sussman,1994
Gerald L. Engel,1994
Guy L. Steele Jr.,1994
Harold Stone,1994
Harry D. Huskey,1994
Harvey G. Cragon,1994
Herbert A. Simon,1994
Herbert Maisel,1994
Irv Traiger,1994
Ivan Sutherland,1994
J. N. Hume,1994
J. Presper Eckert,1994
Jack Dennis,1994
Jack Minker,1994
James M. Adams,1994
Jean E. Sammet,1994
Jeff Rulifson,1994
Jim Gray,1994
John A. Lee,1994
John E. Hopcroft,1994
John H. Hine,1994
John K. Ousterhout,1994
John McCarthy,1994
Joseph Traub,1994
Joshua Lederberg,1994
Joyce Currie Little,1994
Juris Hartmanis,1994
Kenneth E. Batcher,1994
L. A. Zadeh,1994
L. Peter Deutsch,1994
Lorraine Borman,1994
M. Stuart Lynn,1994
Martha Palmer,1994
Maurice V. Wilkes,1994
Meir Lehman,1994
Michael H. Böhlen,1994
Michael J. Feeley,1994
Michael Stonebraker,1994
Monroe Newborn,1994
Niklaus E. Wirth,1994
Patrick Suppes,1994
Paul R. McJones,1994
Peter G. Neumann,1994
Peter J. Denning,1994
Petros Elia,1994
Ray Kurzweil,1994
Richard G. Canning,1994
Richard H. Austing,1994
Richard M. Karp,1994
Richard M. Stern,1994
Richard S. Sutton,1994
Richard W. Hamming,1994
Robert E. Tarjan,1994
Robert W. Floyd,1994
Robert W. Taylor,1994
Roger M. Needham,1994
Ronald L. Rivest,1994
Ronald M. Kaplan,1994
Seymour J. Wolfson,1994
Shmuel Winograd,1994
Stephen Dunwell,1994
Stephen S. Lavenberg,1994
Stuart Wecker,1994
Susan L. Graham,1994
Susan S. Owicki,1994
Thomas A. D'Auria,1994
Thomas B. Steel Jr.,1994
Thomas E. Kurtz,1994
Tom Hull,1994
Tze-Yun Leong,1994
Vinton Cerf,1994
W. Daniel Hillis,1994
Walter Carlson,1994
William A. Hoff,1994
William F. Atchison,1994
William F. Punch,1994
William Kahan,1994
William Steiger,1994
Willis H. Ware,1994
Zohar Manna,1994
Alan H. Barr,1995
Andrew Chi-Chih Yao,1995
Anthony Oettinger,1995
Bertram Herzog,1995
Chak-Kuen Wong,1995
Chris S. Wallace,1995
Cliff B. Jones,1995
Daniel J. Rosenkrantz,1995
David B. Johnson,1995
David DeWitt,1995
Donald P. Greenberg,1995
Dorothy E. Denning,1995
Edward D. Lazowska,1995
Edwin Catmull,1995
Erwin Engeler,1995
Franco P. Preparata,1995
Fred B. Schneider,1995
Gerard Salton,1995
Gio Wiederhold,1995
Grady Booch,1995
Harold J. Highland,1995
Henry Fuchs,1995
Herbert R. J. Grosch,1995
J. Nievergelt,1995
Jayadev Misra,1995
Jeffrey D. Ullman,1995
John B. Goodenough 0002,1995
John Kim,1995
John R. White,1995
Kenneth W. Kennedy,1995
Lance Hoffman,1995
Larry Druffel,1995
Larry Snyder,1995
Lawrence Bernstein,1995
Loren C. Carpenter,1995
Mike Barley,1995
Myron Ginsberg,1995
Nancy Leveson,1995
Norihisa Suzuki,1995
Oscar Ibarra,1995
Paul W. Abrahams,1995
Paul Young,1995
Peter Wegner,1995
R. L. Ashenhurst,1995
Richard P. Brent,1995
Robert L. Constable,1995
Roy Rada,1995
S. Lakshmivarahan,1995
S. Rao Kosaraju,1995
Stuart Feldman,1995
Turner Whitted,1995
Zvi Galil,1995
Abraham Silberschatz,1996
Alfred V. Aho,1996
Andrew S. Tanenbaum,1996
Anita Borg,1996
Anita K. Jones,1996
Anthony I. Wasserman,1996
Arnold Rosenberg,1996
Barbara Liskov,1996
Bernard Chazelle,1996
Bryan Preas,1996
Dennis J. Frailey,1996
Edward M. Reingold,1996
Fred W. Weingarten,1996
George Dodd,1996
Gregor von Bochmann,1996
Hanan Samet,1996
Henry M. Levy,1996
Ian H. Witten,1996
Jeanne Ferrante,1996
Jeffrey Jaffe,1996
John A. Stankovic,1996
John E. Savage,1996
John Rice,1996
José L. Encarnação,1996
Kurt Akeley,1996
Larry Stockmeyer,1996
Lawrence H. Landweber,1996
Maria Klawe,1996
Mark W. Newman,1996
Marshall C. Yovits,1996
Mary Jane Irwin,1996
Mary K. Vernon,1996
Mary Shaw,1996
Michael A. Harrison,1996
Michael E. Kress,1996
Michael J. Fischer,1996
Narendra Ahuja,1996
Narsingh Deo,1996
Philip Heidelberger,1996
Raj Jain,1996
Ramaswamy Chandrasekaran,1996
Randy H. Katz,1996
Ravi Sethi,1996
Richard E. Ladner,1996
Richard R. Muntz,1996
Ronald L. Graham,1996
Ruzena Bajcsy,1996
Sartaj Sahni,1996
T. R. N. Rao,1996
Takao Nishizeki,1996
Uzi Vishkin,1996
W. Richards Adrion,1996
Alan C. Shaw,1997
Barry W. Boehm,1997
Ben Shneiderman,1997
Bruce Croft,1997
Daniel A. Menascé,1997
Der-Tsai Lee,1997
Don Towsley,1997
Elaine Weyuker,1997
Gordon B. Davis,1997
H. W. Lawson,1997
Hector Garcia-Molina,1997
Herbert Freeman,1997
Ian F. Akyildiz,1997
Imrich Chlamtac,1997
Irene Greif,1997
J. D. Couger,1997
Jean-Loup Baer,1997
John H. Reif,1997
John L. Hennessy,1997
Kenneth C. Sevcik,1997
Kenneth Steiglitz,1997
Micha Sharir,1997
Nancy A. Lynch,1997
Nicholas Pippenger,1997
Paolo Mancarella,1997
Paul Schneck,1997
Peter Widmayer,1997
Philip S. Yu,1997
Raymond Miller,1997
Raymond Spiteri,1997
Richard A. Kemmerer,1997
Richard J. Lipton,1997
Robert Sedgewick,1997
Robert Wilensky,1997
Roger R. Bate,1997
Ron Perrott,1997
Vaughan R. Pratt,1997
Victor Basili,1997
Yuri Gurevich,1997
Zvi M. Kedem,1997
Abraham Kandel,1998
Alan Selman,1998
Albert J. Turner,1998
Andrew W. Appel,1998
Aravind K. Joshi,1998
Barbara G. Ryder,1998
Carlo H. Séquin,1998
Clarence A. Ellis,1998
David Lazer,1998
David P. Dobkin,1998
Dharma P. Agrawal,1998
Edmund M. Clarke,1998
Emo Welzl,1998
Eugene H. Spafford,1998
Gopal Gupta 0002,1998
Gregory R. Andrews,1998
Hal Berghel,1998
Howard Siegel,1998
James C. Hoe,1998
James J. Horning,1998
Jeannette M. Wing,1998
John A. Richards,1998
Kai Li,1998
Lawrence A. Rowe,1998
Leon J. Osterweil,1998
Lori Clarke,1998
Mihalis Yannakakis,1998
Neil Jones,1998
Peter M. Chen,1998
Richard Cole 0001,1998
Richard Gabriel,1998
Richard N. Taylor,1998
Robert Cartwright,1998
Simon S. Lam,1998
Stephen T. Kent,1998
Stuart Zweben,1998
Susan H. Nycum,1998
Venkat P. Rangan,1998
Éva Tardos,1998
Ahmed Sameh,1999
Akinori Yonezawa,1999
C. Dianne Martin,1999
Carlo Ghezzi,1999
Charles M. Geschke,1999
Chung Jen Tan,1999
David L. Dill,1999
David L. Waltz,1999
David MacQueen,1999
Dhiraj Pradhan,1999
James D. Foley,1999
James Demmel,1999
John D. Gannon,1999
John Warnock,1999
Joseph S. DeBlasi,1999
Kenneth P. Birman,1999
Koji Torii,1999
Kurt Mehlhorn,1999
Larry M. Masinter,1999
Leonidas J. Guibas,1999
Marc Auslander,1999
Marc Snir,1999
Mary Lou Soffa,1999
Pamela Samuelson,1999
Philip Levis,1999
Richard E. Newman,1999
Richard T. Snodgrass,1999
Rob Cook,1999
Robert L. Glass,1999
Robert T. Braden,1999
Ronald J. Brachman,1999
Ronald L. Graham,1999
Takeo Kanade,1999
Toshihide Ibaraki,1999
Alan W. Biermann,2000
Albert R. Meyer,2000
Axel Van Lamsweerde,2000
David S. Warren,2000
Deborah Estrin,2000
Donald J. Haderle,2000
Donald W. Loveland,2000
Douglas Comer,2000
Francine Berman,2000
Henry F. Korth,2000
James H. Morris,2000
Karen Duncan,2000
Larry L. Peterson,2000
Laxmi N. Bhuyan,2000
Leonard Kleinrock,2000
Michael A. Casey,2000
Michael T. Hallett,2000
Moshe Y. Vardi,2000
Peter A. Heeman,2000
Peter Buneman,2000
Prithviraj Banerjee,2000
Randal E. Bryant,2000
Raymond A. Lorie,2000
Reinhard Wilhelm,2000
Robin Williams,2000
Ronald Fagin,2000
Shahid H. Bokhari,2000
Stuart K. Card,2000
W. Kent Fuchs,2000
Willy Zwaenepoel,2000
Alan Borning,2001
Alan Smith,2001
Barton P. Miller,2001
Cherri M. Pancake,2001
Christos H. Papadimitriou,2001
David D. Clark,2001
David J. Farber,2001
David Shmoys,2001
Domenico Ferrari,2001
Donald A. Norman,2001
Donn B. Parker,2001
Erol Gelenbe,2001
Ganesh Ramakrishnan,2001
George G. Robertson,2001
Giovanni De Micheli,2001
Hans-Joerg Schek,2001
Ira Pohl,2001
J. Mark Pullen,2001
Jack J. Dongarra,2001
Jacob Abraham,2001
James F. Kurose,2001
Janak H. Patel,2001
Jeff Kramer,2001
Jeffrey C. Mogul,2001
Jin-Yi Cai,2001
Joan Feigenbaum,2001
Joel S. Birnbaum,2001
Johan DeKleer,2001
John C. Reynolds,2001
John P. Hayes,2001
Jonathan Turner,2001
Joseph F. JáJá,2001
Kang G. Shin,2001
Krishan K. Sabnani,2001
Krithi Ramamritham,2001
Marilyn Claire Wolf,2001
Nick Roussopoulos,2001
Ouri Wolfson,2001
Pamela Zave,2001
Philip A. Bernstein,2001
Prabhakar Raghavan,2001
Ralf Steinmetz,2001
Ravi S. Sandhu,2001
Ravishankar K. Iyer,2001
Richard B. Kieburtz,2001
Richard D. Schlichting,2001
Robert Kowalski,2001
Robert Rinker,2001
Ruby B. Lee,2001
Sally Floyd,2001
Sitharama Iyengar,2001
Sungwon Kang,2001
Susan B. Davidson,2001
Tetsuo Asano,2001
Witold Litwin,2001
Yale Patt,2001
Yuri Breitbart,2001
Adolfo Guzmán,2002
Ambuj Goyal,2002
Bob Rau,2002
C. Mohan,2002
David A. Basin,2002
David B. Lomet,2002
David E. Culler,2002
Gary L. Miller,2002
George Varghese,2002
Harold N. Gabow,2002
Jeffrey F. Naughton,2002
John Wilkes,2002
Jon Crowcroft,2002
Joseph Y. Halpern,2002
Mahadev Satyanarayanan,2002
Mateo Valero,2002
Neil Immerman,2002
Ozalp Babaoglu,2002
Pankaj K. Agarwal,2002
Sidney Karin,2002
Susan Eggers,2002
Thomas G. Dietterich,2002
Vishwani D. Agrawal,2002
Wen-mei W. Hwu,2002
Wendy A. Kellogg,2002
William J. Dally,2002
Anil K. Jain 0001,2003
Barbara J. Grosz,2003
Bonnie Berger,2003
Brent Hailpern,2003
C. J. Van Rijsbergen,2003
Craig Partridge,2003
Daniel A. Reed,2003
Dexter Kozen,2003
Elisa Bertino,2003
Eugene W. Myers,2003
Gurindar S. Sohi,2003
H. V. Jagadish,2003
Jiawei Han 0001,2003
John Carroll 0001,2003
Kathy McKeown,2003
Maneesh Agrawala,2003
Mark Horowitz,2003
Mary Harrold,2003
Mostafa H. Ammar,2003
Niraj K. Jha,2003
Paul Hudak,2003
Peter Hart,2003
Ramesh Jain,2003
Richard A. DeMillo,2003
Scott Shenker,2003
Stuart Russell 0001,2003
Thomas Tran,2003
Victor Bahl,2003
William H. Sanders,2003
Yi-Bing Lin,2003
Allan Gottlieb,2004
Andrew A. Chien,2004
Bella Bose,2004
Benjamin W. Wah,2004
David S. Wishart,2004
George E. Collins,2004
Janis A. Bubenko Jr.,2004
Joel Emer,2004
Luca Cardelli,2004
M. Frans Kaashoek,2004
Mark D. Hill,2004
Michael D. Schroeder,2004
Paul Mockapetris,2004
Per-Ake Larson,2004
Peter Fejer,2004
Richard Schantz,2004
Simon L. Jones,2004
Stamatis Vassiliadis,2004
Vicki L. Hanson,2004
Yannis E. Ioannidis,2004
Brad A. Myers,2005
Daniel S. Weld,2005
David A. Wood,2005
David M. Nichols,2005
Dines Bjørner,2005
Eli Upfal,2005
Gerhard Weikum,2005
Huajie Zhang,2005
Jennifer Widom,2005
Keith D. Cooper,2005
Krishna V. Palem,2005
Laks V. S. Lakshmanan,2005
Lui Sha,2005
Maurice Herlihy,2005
Michael J. Franklin,2005
Michael P. Wellman,2005
Michel Dubois,2005
Mikkel Thorup,2005
Ophir Frieder,2005
Phokion G. Kolaitis,2005
Robert Harle,2005
Rodney A. Brooks,2005
Roy Want,2005
Stephen Bourne,2005
Thomas E. Anderson,2005
Thomas W. Reps,2005
Umesh V. Vazirani,2005
Uri C. Weiser,2005
Vijay V. Vazirani,2005
Vipin Kumar,2005
Walter Willinger,2005
Alan Newell,2006
Albert G. Greenberg,2006
Alexander L. Wolf,2006
Alfred Z. Spector,2006
Alon Y. Halevy,2006
Anthony C. Hearn,2006
Arvind Arvind,2006
Bryant W. York,2006
C. Lee Giles,2006
Charles E. Leiserson,2006
Dan R. Olsen,2006
Dianne P. O'Leary,2006
Eric Allender,2006
Harry Shum,2006
J. Strother Moore,2006
James R. Larus,2006
John E. Laird,2006
John V. Guttag,2006
Kenneth D. Forbus,2006
Kunle Olukotun,2006
Laura M. Haas,2006
Lixia Zhang,2006
M. Tamer Özsu,2006
Marianne Winslett,2006
Matthias Felleisen,2006
Michael L. Scott,2006
Mikhail J. Atallah,2006
Ming Yin,2006
Ming-Syan Chen,2006
Nick McKeown,2006
Norman Jouppi,2006
Peter Norvig,2006
Phillip B. Gibbons,2006
Roch Guérin,2006
Stanley B. Zdonik,2006
Susan T. Dumais,2006
Thomas A. Henzinger,2006
Usama M. Fayyad,2006
Vern Paxson,2006
Victor Vianu,2006
William Gropp,2006
Amir Pnueli,2007
Anant Agarwal,2007
Andrei Broder,2007
Aristides A. G. Requicha,2007
Avrim Blum,2007
Bud Mishra,2007
Catriel Beeri,2007
Daniel P. Huttenlocher,2007
Danny Dolev,2007
David A. Padua,2007
Demetri Terzopoulos,2007
Donald E. Thomas,2007
Edward A. Feigenbaum,2007
Edward W. Felten,2007
Eric A. Brewer,2007
Eric Roberts,2007
Gary M. Olson,2007
Georg Gottlob,2007
HongJiang Zhang,2007
J. Eliot B. Moss,2007
John C. Klensin,2007
Lance Fortnow,2007
Larry Constantine,2007
Marc Levoy,2007
Martin Odersky,2007
Michael F. Cohen,2007
Mitchell Wand,2007
Monica S. Lam,2007
Philip Wadler,2007
Rajeev Alur,2007
Rajeev Motwani 0001,2007
Randy Pausch,2007
Richard Hull,2007
Rodney Downey,2007
Tao Jiang 0001,2007
Utpal Banerjee,2007
Viktor K. Prasanna,2007
Yang Gao,2007
Alan Kay,2008
Alexander Aiken,2008
Bernd Meyer,2008
Brian Randell,2008
Douglas B. Terry,2008
Gregory D. Abowd,2008
Hamid Pirahesh,2008
Hari Balakrishnan,2008
J. Ian Munro,2008
J.J. Garcia-Luna-Aceves,2008
Jack W. Davidson,2008
Jason Cong,2008
Jennifer Rexford,2008
Jitendra Malik,2008
Joel Moses,2008
John C. Mitchell,2008
Jonathan Lee,2008
Joseph A. Konstan,2008
Judith S. Olson,2008
Kathryn S. McKinley,2008
Kenneth Clarkson,2008
Lawrence C. Paulson,2008
Madhu Sudan,2008
Mark S. Squillante,2008
Martin Abadi,2008
Mendel Rosenblum,2008
Michael K. Reiter,2008
Michael Kearns,2008
P. Geoffrey Lowney,2008
Pat Hanrahan,2008
Per Stenström,2008
Perry Cook,2008
Rob A. Rutenbar,2008
Roy Levin,2008
Sanjeev Arora,2008
Stephen A. Clark,2008
Tuomas Sandholm,2008
Umeshwar Dayal,2008
Vivek Sarkar,2008
Watts S. Humphrey,2008
William A.S. Buxton,2008
Xiaotie Deng,2008
Alok N. Choudhary,2009
Andrew V. Goldberg,2009
Arie E. Kaufman,2009
Bruce Davie,2009
Bruce Randall Donald,2009
C. Vemuri,2009
Chandrajit L. Bajaj,2009
Chandramohan A. Thekkath,2009
David F. Bacon,2009
David R. Karger,2009
Dinesh Manocha,2009
Erich L. Kaltofen,2009
Farnam Jahanian,2009
Gaetano Borriello,2009
Gerhard Fischer,2009
Hagit Attiya,2009
Hans-Peter Seidel,2009
Ian T. Foster,2009
Jeffrey H. Lang,2009
John C. S. Lui,2009
John T. Riedl,2009
Jose A. Blakeley,2009
Joseph M. Hellerstein,2009
Kyu-Young Whang,2009
Laurie J. Hendren,2009
Margaret Martonosi,2009
Martin C. Rinard,2009
Martin Vetterli,2009
Maurizio Lenzerini,2009
Michael T. Goodrich,2009
Nell B. Dale,2009
Patricia G. Selinger,2009
Paulo Veríssimo,2009
R. K. Shyamasundar,2009
Rajiv Gupta 0001,2009
Renée J. Miller,2009
Ricardo A. Baeza-Yates,2009
Robbert Van Renesse,2009
Shang-Hua Teng,2009
Terry Winograd,2009
Thomas A. DeFanti,2009
Thomas Erickson,2009
Urs Hölzle,2009
Venu Govindaraju,2009
Vijay P. Bhatkar,2009
Yorick Wilks,2009
Yossi Matias,2009
Amr El Abbadi,2010
Andreas Zeller,2010
Anne Condon,2010
Bobby Schnabel,2010
Carla S. Ellis,2010
Christos Faloutsos,2010
Daniel A. Spielman,2010
David Abramson 0001,2010
David M. Ungar,2010
David S. Rosenblum,2010
Dieter Rombach,2010
Donald Kossmann,2010
Douglas C. Burger,2010
Fernando Pereira,2010
Frank Wm. Tompa,2010
James Goodman,2010
Jean-Pierre Hubaux,2010
Jennifer Chayes,2010
John Launchbury,2010
Josep Torrellas,2010
Kathleen Fisher,2010
Lorenzo Alvisi,2010
Luiz Andre Barroso,2010
Lydia E. Kavraki,2010
Mark Crovella,2010
Michael I. Jordan,2010
Pavel A. Pevzner,2010
Philip N. Klein,2010
Raymond J. Mooney,2010
Ron Cytron,2010
S. Muthukrishnan,2010
Sara B. Kiesler,2010
Sarita V. Adve,2010
Shumin Zhai,2010
Stefan Savage,2010
Stephen Trimberger,2010
Subhash Suri,2010
Wendy Hall 0001,2010
Amin Vahdat,2011
Amit Singhal 0001,2011
Baining Guo,2011
Beng Chin Ooi,2011
Carl Ebeling,2011
Christian S. Jensen,2011
Dahlia Malkhi,2011
Dan Roth,2011
Dan Suciu,2011
David Eppstein,2011
David K. Gifford,2011
David Wetherall,2011
Dean M. Tullsen,2011
Diane L. Souvaine,2011
Divyakant Agrawal,2011
Frank Kenneth Zadeck,2011
Geoffrey C. Fox,2011
George Furnas,2011
Gerard J. Holzmann,2011
Guy E. Blelloch,2011
Howard J. Karloff,2011
Hugues Hoppe,2011
Janos Pach,2011
John Sanguinetti,2011
Joseph Mitchell,2011
Keith Marzullo,2011
Linda R. Petzold,2011
Margo I. Seltzer,2011
Martha E. Pollack,2011
Ming C. Lin,2011
Nelson L. Max,2011
Peter B. Key,2011
Peter Magnusson,2011
Piyush Srivastava,2011
Ramesh Govindan,2011
Robert E. Kraut,2011
Ronald Baecker,2011
Satoshi Matsuoka,2011
Scott Kirkpatrick,2011
Serge Abiteboul,2011
Shubu Mukherjee,2011
Stephen Keckler,2011
Susan Landau,2011
Thomas Ball,2011
Z. Meral Özsoyoglu,2011
Ahmed K. Elmagarmid,2012
Alistair Sinclair,2012
Andrew B. Kahng,2012
Andrew M. Pitts,2012
Anna R. Karlin,2012
Bart Selman,2012
Benjamin C. Pierce,2012
Clifford Stein,2012
Craig Boutilier,2012
David Grove,2012
Garth A. Gibson,2012
Gregor Kiczales,2012
Gustavo Alonso,2012
Hans Boehm,2012
Ion Stoica,2012
John Hershberger 0001,2012
Jonathan Grudin,2012
Joseph O'Rourke,2012
Joseph Sifakis,2012
Karem A. Sakallah,2012
Katherine A. Yelick,2012
Keith W. Ross,2012
Keshav Pingali,2012
Klara Nahrstedt,2012
Larry Davis 0001,2012
Lars Arge,2012
Leonid Libkin,2012
Leslie G. Valiant,2012
Lixin Gao,2012
Manish Gupta 0001,2012
Markus H. Gross,2012
Masaru Kitsuregawa,2012
Patrick Valduriez,2012
Pierre Baldi,2012
Rachid Guerraoui,2012
Raj Reddy,2012
Rajeev Rastogi,2012
Ramin Zabih,2012
Rick Cattell,2012
Robert Schreiber,2012
Roberto Tamassia,2012
Ron Shamir,2012
Saul Greenberg,2012
Simson L. Garfinkel,2012
Srinivasan Keshav,2012
Stephen Scott,2012
Tova Milo,2012
Tracy Camp,2012
Walter F. Tichy,2012
Wenfei Fan,2012
Xiaoming Zhang,2012
Yoav Shoham,2012
Andrew Clifford Myers,2013
Carlos J. P. De Lucena,2013
Charu C. Aggarwal,2013
Chip Elliott,2013
Christine L. Borgman,2013
Christopher D. Manning,2013
Dana S. Nau,2013
David A. Forsyth,2013
David Garlan,2013
David J. Kasik,2013
David P. Williamson,2013
David Zuckerman,2013
Dennis Shasha,2013
Dina Katabi,2013
Doug Lea,2013
Ellen W. Zegura,2013
Henry A. Kautz,2013
Ingemar J. Cox,2013
J. Gregory Morrisett,2013
James Gosling,2013
James H. Anderson,2013
Jean Gao,2013
John M. Mellor-Crummey,2013
Jon M. Kleinberg,2013
Krishnendu Chakrabarty,2013
Kyuseok Shim,2013
Limsoon Wong,2013
Madhav Marathe,2013
Mark S. Ackerman,2013
Marti A. Hearst,2013
Matthias Jarke,2013
Mihir Bellare,2013
Milind Tambe,2013
Moti Yung,2013
Nir Shavit,2013
P. R. Kumar 0001,2013
Padhraic Smyth,2013
Peter J. Haas,2013
Rama Chellappa,2013
Rina Dechter,2013
S. E. Robertson,2013
Sampath Kannan,2013
Satish Rao,2013
Shengyu Zhang,2013
Stefano Ceri,2013
Timos K. Sellis,2013
Timothy Roscoe,2013
Val Tannen,2013
Yoelle Maarek,2013
Yuanyuan Zhou,2013
Adam Finkelstein,2014
Alan Bundy,2014
Alberto L. Sangiovanni-Vincentelli,2014
Allan Borodin,2014
Aravind Srinivasan,2014
Charles W. Bachman,2014
Daniela Rus,2014
Eric Grimson,2014
Eric Horvitz,2014
Faith Ellen,2014
Foto Afrati,2014
Gene Tsudik,2014
Gernot Heiser,2014
Henning Schulzrinne,2014
Inderjit S. Dhillon,2014
Jignesh M. Patel,2014
Johannes Gehrke,2014
Juliana Freire,2014
Leslie Lamport,2014
Lorrie Faith Cranor,2014
Mark Guzdial,2014
Michael D. Ernst,2014
Michael Kearns,2014
Michael Mitzenmacher,2014
Narayanan Vijaykrishnan,2014
Nikil D. Dutt,2014
Omer Reingold,2014
Parthasarathy Ranganathan,2014
Paul Syverson,2014
Ramakrishnan Srikant,2014
Roberta Gori,2014
Ronitt Rubinfeld,2014
S. Sudarshan 0001,2014
Samson Abramsky,2014
Sarit Kraus,2014
Shamkant B. Navathe,2014
Sharad Malik,2014
Srinivas Devadas,2014
Steve Whittaker,2014
Stuart M. Shieber,2014
Subhasish Mitra,2014
Thorsten Joachims,2014
Timothy A. Davis 0001,2014
Tom Rodden,2014
Valerie King,2014
Vikram S. Adve,2014
Yishay Mansour,2014
Anastasia Ailamaki,2015
Assaf Schuster,2015
Babak Falsafi,2015
Bin Luo,2015
Chih-Jen Lin,2015
Cynthia Dwork,2015
David M. Blei,2015
Dragomir R. Radev,2015
Elizabeth D. Mynatt,2015
Frank Pfenning,2015
Giuseppe De Giacomo,2015
Hsinchun Chen,2015
Jayant R. Haritsa,2015
Jian Pei,2015
Judea Pearl,2015
Julia Hirschberg,2015
Kevin Fall,2015
Kevin Skadron,2015
Mary P. Czerwinski,2015
Michael Franz,2015
Michael George Luby,2015
Michael R. Lyu,2015
Michael Wooldridge,2015
Naehyuck Chang,2015
Nancy M. Amato,2015
Orna Grumberg,2015
Pablo Rodriguez 0001,2015
Patrick Drew McDaniel,2015
Paul Dourish,2015
Peter Schröder,2015
Piotr Indyk,2015
Ratan K. Guha,2015
Santosh Vempala,2015
Shmuel Sagiv,2015
Sriram Rajamani,2015
Tandy J. Warnow,2015
Tei-Wei Kuo,2015
Ueli Maurer,2015
Victor Miller,2015
Wang Chiew Tan,2015
Xavier Leroy,2015
Yunhao Liu 0001,2015
Abigail Sellen,2016
Adrian Perrig,2016
Allison Druin,2016
Andre Seznec,2016
Anne-Marie Kermarrec,2016
Carla E. Brodley,2016
Carlo Tomasi,2016
Christoforos E. Kozyrakis,2016
Dan Boneh,2016
Daniel Jackson 0001,2016
David Peleg,2016
Erik D. Demaine,2016
Frédo Durand,2016
Furong Huang,2016
Ganesan Ramalingam,2016
Holly E. Rushmeier,2016
J. Bryan Lyles,2016
James A. Hendler,2016
James A. Landay,2016
Jason Flinn,2016
Justine Cassell,2016
K. Rustan M. Leino,2016
Louiqa Raschid,2016
Luca Benini,2016
Manuela Veloso,2016
Marta Z. Kwiatkowska,2016
Martin Karsten,2016
Michael E. Saks,2016
Monika Henzinger,2016
Nick Feamster,2016
Noga Alon,2016
Paul Barford,2016
Paul C. van Oorschot,2016
Radia Perlman,2016
Rajesh Gupta,2016
Ravi Kannan,2016
Ricardo Bianchini,2016
Robert J. K. Jacob,2016
Robert L. Grossman,2016
Sachin S. Sapatnekar,2016
Sharon Oviatt,2016
Shwetak N. Patel,2016
Somesh Jha,2016
Stephen M. Blackburn,2016
Sudipta Sengupta,2016
Todd C. Mowry,2016
Trevor N. Mudge,2016
Valerie E. Taylor,2016
Venkata Padmanabhan,2016
William T. Freeman,2016
Yolanda Gil,2016
Zhi-Hua Zhou,2016
Aarti Gupta,2017
Aidong Zhang,2017
Alexander Vardy,2017
Anand Sivasubramaniam,2017
Andreas Moshovos,2017
Andrew McCallum,2017
Angelos Dennis Keromytis,2017
Balaji Prabhakar,2017
Bernhard Scholz,2017
Carl Kesselman,2017
Carla P. Gomes,2017
ChengXiang Zhai,2017
Clifford A. Lynch,2017
Craig Knoblock,2017
Daniel Gusfield,2017
Dorin Comaniciu,2017
Edith Cohen,2017
Edouard Bugnion,2017
Edward A. Fox,2017
Edward W. Knightly,2017
Gabriel H. Loh,2017
Gail C. Murphy,2017
Geoffrey M. Voelker,2017
Gregory D. Hager,2017
Insup Lee 0001,2017
K. K. Ramakrishnan,2017
Lars Birkedal,2017
Laxmikant V. Kalé,2017
Li Erran Li,2017
Mani B. Srivastava,2017
Margaret M. Burnett,2017
Martin Grohe,2017
Martin Wong,2017
Michael Kaisers,2017
Mor Harchol-Balter,2017
Nuria Oliver,2017
Onur Mutlu,2017
Ravi Ramamoorthi,2017
Richard M. Fujimoto,2017
Shafi Goldwasser,2017
Shih-Fu Chang,2017
Shiqiang Yang,2017
Silvio Micali,2017
Steven Hand 0001,2017
Steven M. Seitz,2017
Susan Dray,2017
Tal Rabin,2017
Tomás Lozano-Pérez,2017
Venkatesan Guruswami,2017
Wenke Lee,2017
Yi Ma,2017
Yong Yu,2017
Yvonne Rogers,2017
Adnan Darwiche,2018
Alec Wolman,2018
Alex C. Snoeren,2018
Amit Sahai,2018
Amy Bruckman,2018
André DeHon,2018
Avi Wigderson,2018
B. S. Manjunath,2018
Bhavani M. Thuraisingham,2018
Bruce M. Maggs,2018
Charles L. Isbell Jr.,2018
Dan Halperin,2018
David A. Basin,2018
David C. Parkes,2018
Elizabeth M. Belding,2018
Ellen M. Voorhees,2018
Fei-Fei Li,2018
Frank Mueller 0001,2018
Gerald Tesauro,2018
Gul A. Agha,2018
Gurudatta Parulkar,2018
Huan Liu,2018
Jessica K. Hodgins,2018
Jiebo Luo,2018
Johan Håstad,2018
John Hughes,2018
Juan E. Gilbert,2018
Katy Börner,2018
Kimberly Keeton,2018
Krste Asanovic,2018
Lili Qiu,2018
Lillian Lee,2018
Mario Gerla,2018
Matthew Roughan,2018
Michael L. Littman,2018
Minos Garofalakis,2018
MohammadTaghi Hajiaghayi,2018
N. Asokan,2018
Peter L. Bartlett,2018
Premkumar T. Devanbu,2018
Rastislav Bodík,2018
Salil P. Vadhan,2018
Sandhya Dwarkadas,2018
Sanjeev Khanna,2018
Steven K. Feiner,2018
Tamal K. Dey,2018
Thomas A. Funkhouser,2018
Tian He 0001,2018
Tim Finin,2018
Tom Leighton,2018
Toniann Pitassi,2018
Vishal Misra,2018
Wendi B. Heinzelman,2018
Andreas Reuter 0001,2019
Brad Calder,2019
Carlo Zaniolo,2019
Christian Cachin,2019
Claire Cardie,2019
Dacheng Tao,2019
Darrell Whitley,2019
Dawn Song,2019
Deborah Frincke,2019
Diana Marculescu,2019
Diego Calvanese,2019
Elena Ferrari,2019
Elizabeth F. Churchill,2019
Emery D. Berger,2019
Giovanni Vigna,2019
Hanspeter Pfister,2019
Jason Nieh,2019
Jeffrey S. Rosenschein,2019
K. Mani Chandy,2019
Kavita Bala,2019
Lidong Zhou,2019
Lise Getoor,2019
Magdalena Balazinska,2019
Marc Najork,2019
Maria L. Gini,2019
Matthew B. Dwyer,2019
Michael J. Freedman,2019
Mihai Pop,2019
Mona Singh 0001,2019
Moshe Tennenholtz,2019
Moustafa Youssef,2019
Nisheeth Vishnoi,2019
Noshir Contractor,2019
Paul Beame,2019
Peter W. Shor,2019
Philip Cohen,2019
Prashant J. Shenoy,2019
Rada Mihalcea,2019
Ramesh K. Sitaraman,2019
Robin R. Murphy,2019
Ronald F. Boisvert,2019
Salvatore J. Stolfo,2019
Saman P. Amarasinghe,2019
Scott Aaronson,2019
Sheila McIlraith,2019
Songwu Lu,2019
Srdjan Capkun,2019
Srinivasan Seshan,2019
Subbarao Kambhampati,2019
Tamara G. Kolda,2019
Tarek F. Abdelzaher,2019
Timothy M. Chan,2019
Timothy Mark Pinkston,2019
Vincent Conitzer,2019
Wendy E. Mackay,2019
Xiang-Yang Li,2019
Xilin Chen 0001,2019
Yuan Xie,2019
Adam Smith,2020
Adi Shamir,2020
Alan Edelman,2020
Andrea Arpaci-Dusseau,2020
Andrew D. Gordon 0001,2020
Andrew Tomkins,2020
Antonio González 0001,2020
Arvind Krishnamurthy,2020
Bonnie J. Dorr,2020
Brian Neil Levine,2020
C. Antony R. Hoare,2020
Cathy Wu,2020
Chandrasekhar Narayanaswami 0001,2020
Chenyang Lu 0001,2020
Cormac Flanagan,2020
David Brooks,2020
David Maltz,2020
Dieter Fox,2020
Holger H. Hoos,2020
James Allan,2020
Keshab K. Parhi,2020
Laurie A. Williams,2020
Lizy Kurian John,2020
Meredith Ringel Morris,2020
Michael J Zyda,2020
Nam Sung Kim,2020
Yufei Tao 0001,2020
Alla Sheffer,2021
Amit Sheth,2021
Amos Fiat,2021
Anantha Chandrakasan,2021
Anind Dey,2021
Anupam Gupta,2021
Aravinda P. Sistla,2021
Batya Friedman,2021
Ben Y. Zhao,2021
Bernhard Nebel,2021
Bernt Schiele,2021
Brent Waters,2021
Dale Miller 0001,2021
Daniel Cohen-Or,2021
Daniel J. Abadi,2021
David A. Bader,2021
David Kotz,2021
David R. Kaeli,2021
David Z. Pan,2021
Deepak Ganesan,2021
Edward Chang,2021
Elad Hazan,2021
Elchanan Mossel,2021
Evgeniy Gabrilovich,2021
Feifei Li,2021
Filippo Menczer,2021
Gautam Das,2021
Glenn Ricart,2021
Gordon Plotkin,2021
Graham Cormode,2021
Haesun Park,2021
Hai Li,2021
Heng Tao Shen,2021
Hubertus Franke,2021
Ihab F. Ilyas,2021
Jacob O. Wobbrock,2021
James Allan,2021
Jie Tang,2021
Jodi Forlizzi,2021
Joel Ouaknine,2021
John Canny,2021
Jonathan Katz,2021
Joost-Pieter Katoen,2021
Jose Meseguer,2021
Judith Gal-Ezer,2021
Ken Thompson,2021
Kevin Leyton-Brown,2021
Kui Ren,2021
Kun Zhou,2021
L. Jean Camp,2021
Leandros Tassiulas,2021
Leonard M. Adleman,2021
Lieven Eeckhout,2021
Lin Zhong,2021
Linda Jean Camp,2021
Lionel Briand,2021
Luca Trevisan,2021
Maja Mataric,2021
Manish Parashar,2021
Manuel Blum 0001,2021
Mark Braverman,2021
Mark Tehranipoor,2021
Martin Farach-Colton,2021
Martin Hellman,2021
Mary Beth Rosson,2021
Mathieu Desbrun,2021
Matthew A. Turk,2021
Matthew T. Mason,2021
Meenakshi Balakrishnan,2021
Michael O. Rabin,2021
Ming-Hsuan Yang 0001,2021
Mohammed Zaki,2021
Moni Naor,2021
Moses Charikar,2021
Mubarak Shah,2021
Munindar P. Singh,2021
Nachiappan Nagappan,2021
Nam Sung Kim,2021
Nicholas Duffield,2021
Nicholas Higham,2021
Nikolaj S. Bjørner,2021
Ninghui Li,2021
Olga Sorkine-Hornung,2021
Olga Troyanskaya,2021
Paola Inverardi,2021
Patrick Cousot,2021
Paul Resnick,2021
Peter Stone,2021
Pierangela Samarati,2021
Prakash Panangaden,2021
Radhika Nagpal,2021
Rafail Ostrovsky,2021
Ran Canetti,2021
Ranjit Jhala,2021
Ravi Kumar 0001,2021
Remzi Arpaci-Dusseau,2021
Rick Stevens,2021
Robert B. Ross,2021
Robert Kleinberg,2021
Rosalind W. Picard,2021
Ryen W. White,2021
Sam H. Noh,2021
Samuel Madden 0001,2021
Sanjay Ghemawat,2021
Sanjit A. Seshia,2021
Scott Mahlke,2021
Scott Smolka,2021
Sethuraman Panchanathan,2021
Shaz Qadeer,2021
Shlomo Zilberstein,2021
Shuicheng Yan,2021
Srinivas Aluru,2021
Steve Marschner,2021
Steven Gribble,2021
Steven H. Low,2021
Steven Salzberg,2021
Suman Banerjee,2021
Sunita Sarawagi,2021
Susanne E. Hambrusch,2021
Sushil Jajodia,2021
Sven Koenig,2021
Szymon Rusinkiewicz,2021
Tajana Rosing,2021
Tanzeem Choudhury,2021
Tao Xie,2021
Thomas Eiter,2021
Thomas Lengauer,2021
Thomas Zimmermann,2021
Tie-Yan Liu,2021
Toby Walsh,2021
Volker Markl,2021
Wang Yi,2021
Wei Wang,2021
Wenping Wang,2021
Whitfield Diffie,2021
Wil Van Der Aalst,2021
Xiaobo Sharon Hu,2021
Xuelong Li 0001,2021
Yao-Wen Chang,2021
Yiran Chen,2021
Zachary Ives,2021
Zygmunt J. Haas,2021
Abdelsalam Helal,2022
Ahmed E. Hassan,2022
Alex Pothen,2022
Alfons Kemper,2022
Anima Anandkumar,2022
Ashutosh Sabharwal,2022
Bill Curtis,2022
Boaz Barak,2022
Bronis R. de Supinski,2022
C.-C. Jay Kuo,2022
Constantinos Daskalakis,2022
Corinna Cortes,2022
Craig Gotsman,2022
David Atienza,2022
David M. Mount,2022
Denis Zorin,2022
Dongjun Yu,2022
Ed H. Chi,2022
Eric Xing,2022
Farinaz Koushanfar,2022
Gary J. Sullivan,2022
Gonzalo Navarro,2022
Haitao Zheng 0001,2022
Hang Li,2022
Hiroshi Ishii 0001,2022
Hong-Mei Sun,2022
Jaime Teevan,2022
Jason Hong,2022
Jimmy Lin,2022
John T. Stasko,2022
Jörg Henkel,2022
Kalyanmoy Deb,2022
Kentaro Toyama,2022
Kevin Fu,2022
Luis Ceze,2022
Maneesh Agrawala,2022
Manuel V. Hermenegildo,2022
Marc Pollefeys,2022
Michael Hicks 0001,2022
Michel Beaudouin-Lafon,2022
Moinuddin K. Qureshi,2022
Nitesh V. Chawla,2022
Peter A. Boncz,2022
Radu Marculescu,2022
Rafael Pass,2022
Ranveer Chandra,2022
René Vidal,2022
Samir Khuller,2022
Sandy Irani,2022
Sebastian G. Elbaum,2022
Stefano Soatto,2022
Timothy Sherwood,2022
Torsten Hoefler,2022
Wenwu Zhu 0001,2022
Yizhou Yu,2022
Yuguang Fang,2022
Zhendong Su,2022
Aditya Akella,2023
Albrecht Schmidt 0001,2023
Alex Szalay,2023
Anand Raghunathan,2023
Andreas Krause 0001,2023
Anja Feldmann,2023
Benjamin J. Raphael,2023
Björn W. Schuller,2023
Chandra Chekuri,2023
Christopher Krügel,2023
Corina S. Pasareanu,2023
Dana Ron,2023
David Lo 0001,2023
David Sankoff,2023
Deborah L. McGuinness,2023
Elaine Shi,2023
Emmett Witchel,2023
Fedor V. Fomin,2023
Geoffrey E. Hinton,2023
George W. Fitzmaurice,2023
Gérard G. Medioni,2023
H. T. Kung 0001,2023
Haibo Chen 0001,2023
Ian Goldberg,2023
Jeffrey S. Foster,2023
Jianfeng Gao,2023
Kenneth Church 0001,2023
Kenneth R. Koedinger,2023
Kilian Q. Weinberger,2023
Kwan-Liu Ma,2023
Manik Varma,2023
Maria-Florina Balcan,2023
Michael Backes 0001,2023
Mikhail Belkin,2023
Natasha F. Noy,2023
Nicole Immorlica,2023
Nikhil Bansal 0001,2023
Noah Snavely,2023
Phoebe Sengers,2023
Pradeep Dubey,2023
Ram D. Sriram,2023
Ramón Cáceres,2023
Roger B. Dannenberg,2023
Rolf Drechsler,2023
Seffi Naor,2023
Shai Ben-David,2023
Sharad Mehrotra,2023
Shrikanth Narayanan,2023
Stefan Saroiu,2023
Steffen Staab,2023
Sumit Gulwani,2023
Tim Berners-Lee,2023
Tim Roughgarden,2023
Trent Jaeger,2023
Vaughn Betz,2023
Vineet Bafna,2023
Wei-Ying Ma,2023
Wenjing Lou,2023
Wenliang Du,2023
XiaoFeng Wang 0001,2023
Xin Dong 0001,2023
Xing Xie 0001,2023
Yann LeCun,2023
Yingying Chen 0001,2023
Yoshua Bengio,2023
Z. Morley Mao,2023
Zhu Han 0001,2023
