Aixia Jia , Peking University
Baobao Chang , Peking University
Bin Cui , Peking University
Bin Sun , Peking University
Bing Xie , Peking University
Bingfeng Zhou , Peking University
Chao Xu 0006 , Peking University
Chao Zhang 0001 , Peking University
Cheng Zhang , Peking University
Chenren Xu , Peking University
Dan Hao , Peking University
Daqing Zhang , Peking University
Deshun Yang , Peking University
Dingsheng Luo , Peking University
Donggang Cao , Peking University
Dongyan Zhao , Peking University
Feng Chen , Peking University
Fuqing Yang , Peking University
Gang Huang 0001 , Peking University
Gang Zeng , Peking University
Ge Li , Peking University
Guangyu Sun , Peking University
Guojie Luo , Peking University
Guojie Song , Peking University
Guoping Wang , Peking University
Haiyan Zhao , Peking University
Hanpin Wang , Peking University
Heng Wang , Peking University
Hong Mei , Peking University
Hongbin Zha , Peking University
Hongfei Yan , Peking University
Hongjie Chen , Peking University
Hongyan Li , Peking University
Houfeng Wang , Peking University
Huarui Zhang , Peking University
Huashan Yu , Peking University
Huijing Zhao , Peking University
Huiming Duan , Peking University
Huisheng Chi , Peking University
Huizhu Jia , Peking University
Jian Wang , Peking University
Jian-bin Hu , Peking University
Jianguo Xiao , Peking University
Jiasu Sun , Peking University
Jiaying Liu , Peking University
Jin Xu , Peking University
Jing Chen 0002 , Peking University
Jinshi Cui , Peking University
Juju Feng , Peking University
Jun Gao , Peking University
Jun Huang , Peking University
Junfei Liu , Peking University
Junfeng Hu , Peking University
Junfeng Zhao , Peking University
Kaigui Bian , Peking University
Kunqing Xie , Peking University
Lei Zou , Peking University
Liangcai Gao , Peking University
Lifu Wang , Peking University
Lijun Chen 0002 , Peking University
Ling-Yu Duan , Peking University
Lingyu Duan , Peking University
Liwei Wang , Peking University
Liyong Tang , Peking University
Lu Zhang 0023 , Peking University
Ming Zhang , Peking University
Minghui Zhou , Peking University
Ning Zhang 0003 , Peking University
Ping Wang , Peking University
Qianxiang Wang , Peking University
Rui Yan , Peking University
Ruiqin Xiong , Peking University
Shaohua Tan , Peking University
Sheng Li , Peking University
Shikun Zhang , Peking University
Shiliang Zhang , Peking University
Siwei Ma , Peking University
Sujian Li , Peking University
Tao Wang , Peking University
Tengjiao Wang , Peking University
Tian Liu , Peking University
Tianshu Qu , Peking University
Tiejun Huang , Peking University
Tingting Jiang , Peking University
Tong Lin , Peking University
Tong Yang , Peking University
Tong Zhao , Peking University
Wei Chen 0021 , Peking University
Wei Hu , Peking University
Wei Yan , Peking University
Wei Zeng , Peking University
Wei Zhang 0004 , Peking University
Weiping Huang , Peking University
Weiwei Sun , Peking University
Weizhong Shao , Peking University
Wen Gao 0001 , Peking University
Wen Zhao , Peking University
Wenhui Hu , Peking University
Wenpin Jiao , Peking University
Wenxin Li , Peking University
Xianghua Ying , Peking University
Xiangqun Che , Peking University
Xiaodong Xie , Peking University
Xiaojun Wan , Peking University
Xiaolin Wang , Peking University
Xiaoming Li , Peking University
Xiaoou Chen , Peking University
Xiaoqing Lv , Peking University
Xiaoru Yuan , Peking University
Xihong Wu , Peking University
Xinggong Zhang , Peking University
Xingui He , Peking University
Xinhui Han , Peking University
Xiujun Ma , Peking University
Xiuli Ma , Peking University
Xu Sun , Peking University
Xuanzhe Liu , Peking University
Xueyang Liu , Peking University
Ya-sha Wang , Peking University
Yadong Mu , Peking University
Yafei Dai , Peking University
Yan Zhang 0004 , Peking University
Yanchun Sun , Peking University
Yang Liu , Peking University
Yansong Feng , Peking University
Yanzhen Zou , Peking University
Yao Guo , Peking University
Yasha Wang , Peking University
Yifeng Chen , Peking University
Ying Tan , Peking University
Ying Zhang , Peking University
Yingfei Xiong , Peking University
Yingmin Tang , Peking University
Yingwei Luo , Peking University
Yisong Chen , Peking University
Yizhou Wang , Peking University
YongHong Tian , Peking University
Yongtao Wang , Peking University
Yongzhi Cao , Peking University
Yu Huang 0004 , Peking University
Yun Liang , Peking University
Yunfang Wu , Peking University
Yunhai Tong , Peking University
Yuqian Wu , Peking University
Yuru Pei , Peking University
Yuxin Peng , Peking University
Zhao Wang , Peking University
Zhen Xiao , Peking University
Zhengmao Xie , Peking University
Zhi Guan , Peking University
Zhi Jin , Peking University
Zhi Tang , Peking University
Zhi Yang , Peking University
Zhifang Sui , Peking University
Zhihong Deng , Peking University
Zhihong Liu , Peking University
Zhiyi Ma , Peking University
Zhong Chen , Peking University
Zhouchen Lin , Peking University
Zhouhui Lian , Peking University
Zongming Guo , Peking University
Zongqing Lu , Peking University
