name,date
Antonio Torralba 0001,1508678582.11
Emmanuel Abbe,1508679236.46
Alex Waibel,1508679291.05
Dawn Song,1508679291.05
Richard Jay Lipton,1508679291.05
Luis von Ahn,1508679291.05
Michael Ian Shamos,1508679291.05
Gerald DeJong,1508679291.05
Jeff Linderoth,1508679291.05
David Culler,1508679291.05
Edward Omiecinski,1508679291.05
Costas J. Spanos,1508679291.05
Victor W. Zue,1508679291.05
Yoav Shoham,1508679291.05
Edmund H. Durfee,1508679291.05
Seth Sanders,1508679291.05
Jing Kong,1508679291.05
Walter Stephen Lasecki,1508679968.10
Jeremy Z. Kolter,1508680158.77
Ansaf Salleb,1508680192.53
Marios C. Papaefthymiou,1508680219.48
Sanjoy Dasgupta,1508680261.88
Mark Owen Riedl,1508680557.41
Wen-mei Hwu,1508680564.10
Miodrag Potkonjak,1508680619.20
John N. Tsitsiklis,1508680633.20
Eric Vigoda,1508680705.85
Patrick Henry Winston,1508680713.34
Anupam Gupta,1508680724.55
Erik D. Demaine,1508681065.88
Rafael Pass,1508681172.75
Eugene Wu 0002,1508681182.50
James Demmel,1508681202.79
Michael A. Arbib,1508681213.73
Jian Peng 0001,1508683748.02
Robert E. Tarjan,1508683778.04
John Zahorjan,1508683836.94
Allison Bishop,1508683845.64
Zeev Dvir,1508683853.71
Sugih Jamin,1508683870.24
Martha Mercaldi Kim,1508683880.49
Kiron K. Skinner,1508683890.04
Alfred O. Hero III,1508683909.93
Leo Mark,1508683925.69
Gregory W. Wornell,1508683934.86
David P. Dobkin,1508683950.18
Steven M. Nowick,1508683966.28
Samory Kpotufe,1508684002.85
Chung-Kuan Cheng,1508684008.33
Ramana Rao Kompella,1508684014.68
Roxana Geambasu,1508684023.12
Phillip B. Gibbons,1508684031.28
Don S. Batory,1508684073.03
Harold Abelson,1508684125.70
Eric Bach,1508684137.15
Seyed Hamed Hassani,1508684144.86
Bruce W. Porter,1508684154.58
Garvesh Raskutti,1508684195.14
J. Strother Moore,1508684205.47
Katherine A. Yelick,1508684216.03
Alfred V. Aho,1508690771.73
Voicu Popescu,1508690819.74
Bernhard E. Boser,1508690830.21
Hubert E. Dunsmore,1508690875.43
Charles Lee Isbell Jr.,1508690893.99
Gerald J. Sussman,1508690902.31
Michael A. Erdmann,1508690917.25
Barbara Liskov,1508690941.79
Andrea C. Arpaci-Dusseau,1508690951.22
Yi-Ying Zhang,1508691003.77
Leslie Pack Kaelbling,1508691011.09
Lenore Blum,1508691018.30
Greg Ganger,1508691028.96
Donna J. Cox,1508691037.45
Bruno Ribeiro 0001,1508691056.94
Francisco J. Valero Cuevas,1508691071.05
Todd A. Brun,1508691104.66
Virgil D. Gligor,1508691137.65
Christopher G. Atkeson,1508691155.15
Daniel Dominic Sleator,1508691170.23
Sarita V. Adve,1508691177.79
Wojciech Szpankowski,1508691225.96
Elisha Sacks,1508691235.26
Richard A. DeMillo,1508696081.70
Jacob D. Abernethy,1508696202.68
Aiichiro Nakano,1508696228.13
Ming-Deh A. Huang,1508696239.39
Berthold K. P. Horn,1508696255.58
Balaji Prabhakar,1508696270.15
George A. Bekey,1508696280.01
Olga G. Troyanskaya,1508696300.63
Jan Hoffmann 0002,1508696354.46
Jeffrey B. Remmel,1508696375.69
Daniel P. Miranker,1508696395.86
Martha A. Kim,1508696422.69
Mendel Rosenblum,1508696469.71
Daniel E. Koditschek,1508696482.90
Bhiksha Ramakrishnan,1508696510.47
Deborah Joseph,1508696522.43
Betsy James DiSalvo,1508696535.01
Adam R. Klivans,1508696549.54
Daniel S. Weld,1508696584.91
E. Allen Emerson,1508696686.21
Nir Shavit,1508696696.51
Val Tannen,1508696703.85
Samuel S. Wagstaff Jr.,1508696710.70
Ravishankar K. Iyer,1508696728.95
Gordon S. Novak,1508696743.66
Albert R. Meyer,1508696765.55
David K. Gifford,1508696816.80
Elliot Soloway,1508696831.91
Andrew W. Lo,1508696840.09
Shivani Agarwal 0001,1508696849.50
Robert Sedgewick,1508696865.56
Mayur Naik,1508696875.10
Tommi S. Jaakkola,1508696887.98
Samuel N. Kamin,1508696905.83
John Wawrzynek,1508696919.55
Dieter van Melkebeek,1508696926.00
Kristofer S. J. Pister,1508696932.46
Bruno F. Ribeiro,1508696949.87
Sonia Fahmy,1508696957.38
Jaijeet S. Roychowdhury,1508696967.32
Luca P. Carloni,1508696980.89
Alistair Sinclair,1508697045.36
James D. Herbsleb,1508697054.50
Michael I. Shamos,1508697075.35
John V. Guttag,1508697099.65
Leonard M. Adleman,1508697121.43
Jeffrey A. Miller,1508697137.35
Illah R. Nourbakhsh,1508697168.23
Bruce R. Schatz,1508697211.34
Vitaly Shmatikov,1508697226.26
Milena Mihail,1508697233.23
Donald P. Greenberg,1508697242.95
Ahmed K. Elmagarmid,1508697259.75
Leslie Gasser,1508697318.24
Irfan A. Essa,1508697326.90
Mark Zhandry,1508697366.05
Mohit Gupta,1508697372.00
Kevin J. Compton,1508697390.19
Joel Voldman,1508699090.73
Matt Blaze,1508699122.08
Barnabás Póczos,1508699134.33
Joel Moses,1508699142.48
Scott A. Mahlke,1508699149.73
Todd M. Austin,1508699198.75
Steven K. Feiner,1508699241.53
Zvi Galil,1508699248.24
Norman I. Badler,1508699257.38
H. Vincent Poor,1508699323.98
Yexiang Xue,1508699333.67
John T. Stasko,1508699340.94
Virgil Gligor,1508699394.76
Demosthenis Teneketzis,1508699404.88
Collin Stultz,1508699413.06
Tarek F. Abdelzaher,1508699423.28
Robert D. Skeel,1508699501.57
Remzi H. Arpaci-Dusseau,1508699517.09
Ron O. Dror,1508699563.48
Claire J. Tomlin,1508699596.04
Concettina Guerra,1508699610.26
Michael C. Ferris,1508699618.86
Jan Allebach,1508699660.27
Vladimir Vapnik,1508699669.06
Simha Sethumadhavan,1508699676.68
Marvin Minsky,1508699687.13
J. D. Tygar,1508699697.51
Barton P. Miller,1508699710.53
Robert C. Berwick,1508699757.86
Peter N. Belhumeur,1508699773.44
Karem A. Sakallah,1508699805.89
Brian W. Kernighan,1508699844.02
Walter J. Savitch,1508699860.73
Laxmikant V. Kalé,1508699878.17
Nancy S. Pollard,1508699945.46
Travis D. Breaux,1508699970.88
Yury Polyanskiy,1508700007.10
David R. O'Hallaron,1508700016.58
Farnam Jahanian,1508700043.77
Geoffrey J. Gordon,1508700054.06
H. Venkateswaran,1508700131.95
David E. Kieras,1508700142.33
Jenna Wiens,1508700180.29
Venkat Anantharam,1508700188.01
Jaime G. Carbonell,1508700194.33
Steven L. Tanimoto,1508700266.28
Rajeev J. Ram,1508700285.89
Qing Hu,1508700353.95
Ariel D. Procaccia,1508700622.37
Donald S. Fussell,1508700651.26
John E. Hopcroft,1508700664.83
Alexandre M. Bayen,1508700680.35
Mahesh Viswanathan 0001,1508700727.96
Michael Bedford Taylor,1508700758.60
Robert L. Constable,1508700767.33
Clark T.-C. Nguyen,1508700784.02
Ingolf Krüger,1508700793.37
Thomas E. Anderson,1508700800.34
Melvin A. Breuer,1508700850.21
Ndapandula Nakashole,1508700870.50
David A. Padua,1508700879.20
Naomi Ehrich Leonard,1508700924.57
Elizabeth D. Mynatt,1508700934.95
Michael L. Best,1508700949.72
Emanuel Todorov,1508700976.85
Dennis McLeod,1508700985.37
Thomas M. Conte,1508700993.50
Duane S. Boning,1508701046.84
Sheila A. Greibach,1508701096.78
Merrick L. Furst,1508701112.06
Wei Wang 0010,1508701124.75
Jeanne Ferrante,1508701181.41
Jiawei Han 0001,1508701192.54
Vikram S. Adve,1508701325.38
Quentin F. Stout,1508701382.76
Armando Fox,1508701443.61
Andrea S. LaPaugh,1508701456.51
Alvin Cheung,1508701475.23
Susanne E. Hambrusch,1508701483.80
Richard M. Karp,1508701507.31
Paul E. Debevec,1508701604.89
Joseph Devietti,1508701648.35
Walter A. Burkhard,1508701659.22
Timothy M. Chan,1508701676.80
Martina A. Rau,1508701703.91
David Mazières,1508701725.88
Yuval Tamir,1508701734.65
Muhammad Naveed 0001,1508701744.89
Michael G. Dyer,1508701774.90
Alberto L. Sangiovanni-Vincentelli,1508701793.43
Steven M. Conolly,1508701815.10
David P. Woodruff,1508713902.20
Anupam Gupta,1508713935.39
Gurindar S. Sohi,1508714192.44
Daniel Sánchez 0003,1508714206.35
Gregory W. Wornell,1508716317.70
Ellis Horowitz,1508716336.16
Tsu-Han Chen,1508716343.09
Tandy J. Warnow,1508716348.70
Steven S. Lumetta,1508716414.37
Christopher G. Atkeson,1508716431.75
Emmanuel Abbe,1508716446.92
Wojciech Szpankowski,1508716455.77
William T. Peake,1508716461.63
Allison Bishop,1508716472.65
Collin M. Stultz,1508716482.37
Harold Abelson,1508716490.42
Steven B. Leeb,1508716496.33
Jing Kong,1508716508.16
Allison Bishop,1508716571.13
Douglas Stott Parker Jr.,1508716579.42
Christoph M. Hoffmann,1508716588.17
Barbara Liskov,1508716608.17
Seyed Hamed Hassani,1508716614.16
Julie A. Shah,1508716621.25
Ronald J. Brachman,1508716652.87
Sugih Jamin,1508716669.99
Michael R. Genesereth,1508716677.12
Alfred O. Hero III,1508716691.79
Barry W. Boehm,1508716706.73
Zhuoqing Morley Mao,1508716718.73
Eduard H. Hovy,1508716725.19
Regina Barzilay,1508716792.09
Aditya G. Parameswaran,1508716798.16
Charles Lee Isbell Jr.,1508716826.39
M. Frans Kaashoek,1508716833.24
Gregory H. Wakefield,1508716842.81
John Zahorjan,1508716858.72
Alan Cline,1508716867.43
Jian Peng 0001,1508716877.40
James Demmel,1508716901.59
Christopher James Langmead,1508716910.84
James A. Landay,1508716919.72
J. Zico Kolter,1508716955.49
Mark Braverman,1508716963.97
Daniel Dominic Sleator,1508716972.76
John K. Ousterhout,1508716982.63
Ramana Rao Kompella,1508717016.27
Geoff F. Kaufman,1508717023.26
Martin J. Wainwright,1508717048.39
Michael P. Wellman,1508717086.51
Bin Yu 0001,1508717124.72
Rocco A. Servedio,1508717156.30
Alan Borning,1508717185.44
David H. Albonesi,1508717195.52
Gerald J. Sussman,1508717212.40
Ruzena Bajcsy,1508717228.04
Yoram Singer,1508717236.42
Yechiam Yemini,1508717245.26
George C. Necula,1508717251.11
Seyed Hamed Hassani,1508717284.44
Bharat K. Bhargava,1508717292.26
Raymond J. Mooney,1508717367.42
George C. Verghese,1508717417.45
Leo Mark,1508717466.89
Prasad Tetali,1508717474.16
Paul S. Rosenbloom,1508717482.05
Dawson R. Engler,1508717521.43
David R. Karger,1508717552.19
David M. Blei,1508717603.89
Benjamin J. Raphael,1508717651.83
Michael Ian Shamos,1508717682.71
Gillat Kol,1508717688.90
Jayadev Misra,1508717694.66
Virgil D. Gligor,1508717701.37
Katharina Reinecke,1508717709.02
Shyamnath Gollakota,1508717724.24
Daniel Dominic Sleator,1508717731.09
Katherine A. Yelick,1508717737.18
Xi Chen 0001,1508717788.67
Rajiv K. Kalia,1508717850.67
Aristides A. G. Requicha,1508717864.45
Henning Schulzrinne,1508717882.59
Charles Lee Isbell Jr.,1508717973.29
Patrick Henry Winston,1508717983.32
Charles M. Eastman,1508717991.84
Scott R. Klemmer,1508718005.93
James Demmel,1508718034.85
Elisha Sacks,1508718043.25
Stefano Ermon,1508718053.26
Ronald S. Fearing,1508718058.46
Salvatore J. Stolfo,1508718096.58
Peter K. Allen,1508718154.06
Kai Li 0001,1508718187.53
Eric P. Xing,1508718253.68
Tomás Lozano-Pérez,1508718311.73
Ramamohan Paturi,1508718320.99
Katherine A. Yelick,1508718329.57
Luis von Ahn,1508718336.74
Gerald DeJong,1508718344.62
Kai Hwang 0001,1508718350.52
Bruno Ribeiro 0001,1508718390.36
Garvesh Raskutti,1508718405.49
Larry Carter,1508718414.49
Vernon Rego,1508718422.39
Voicu Popescu,1508718430.52
Vijay Kumar 0001,1508718436.86
Saman P. Amarasinghe,1508718501.58
Eric Bach,1508718545.62
Samory Kpotufe,1508718553.49
John L. Hennessy,1508718561.79
Donna J. Cox,1508718605.35
Edmund M. Clarke,1508718617.93
James C. Gee,1508718688.47
Yoav Shoham,1508718741.03
Max Mintz,1508718750.23
Greg Ganger,1508718757.50
Eric Vigoda,1508718763.06
Janet L. Kolodner,1508718772.83
Chung-Kuan Cheng,1508718785.96
Alfred O. Hero III,1508718791.67
G. Edward Suh,1508718801.23
David J. Kriegman,1508718811.41
David Kempe 0001,1508718848.86
Marios C. Papaefthymiou,1508718864.61
Richard A. DeMillo,1508734306.84
Gill Bejerano,1508734339.26
Ndapandula Nakashole,1508734346.92
Leonard M. Adleman,1508734353.47
Xianghong Jasmine Zhou,1508734372.43
Tao Xie 0001,1508734377.84
Daniel E. Koditschek,1508734412.46
Naomi Ehrich Leonard,1508734430.23
John E. Hopcroft,1508734435.83
Kiron K. Skinner,1508734448.91
Samuel S. Wagstaff Jr.,1508734464.05
Steven L. Tanimoto,1508734479.83
Silvio Micali,1508734491.94
Alistair Sinclair,1508734498.49
Collin Stultz,1508734505.21
Deborah Joseph,1508734510.76
Eugene Wu 0002,1508734520.58
Monica S. Lam,1508734537.77
Leslie Pack Kaelbling,1508734560.80
Robert C. Berwick,1508734568.36
Mayur Naik,1508734582.96
Merrick L. Furst,1508734601.88
Robert L. Constable,1508734616.92
Sheila A. Greibach,1508734632.30
David K. Gifford,1508734646.65
Zeev Dvir,1508734661.50
Alvin Cheung,1508734673.79
Jaijeet S. Roychowdhury,1508734683.00
Nancy J. Nersessian,1508734698.19
Elizabeth D. Mynatt,1508734741.30
Daniel P. Miranker,1508734756.56
Jan Hoffmann 0002,1508734770.37
Edmond Chow,1508734785.32
Virgil Gligor,1508734794.83
Jeanne Ferrante,1508734803.04
Adam R. Klivans,1508734808.79
Vitaly Shmatikov,1508734820.17
Kristofer S. J. Pister,1508734827.00
Michael Bedford Taylor,1508734842.52
Dennis McLeod,1508734848.71
Balaji Prabhakar,1508734855.62
Jiawei Han 0001,1508734865.57
Val Tannen,1508734964.39
Walter A. Burkhard,1508734973.48
Mark Zhandry,1508734992.10
Shafi Goldwasser,1508734998.55
Farnam Jahanian,1508735005.25
Ingolf Krüger,1508735012.81
Ronald G. Dreslinski,1508735022.82
Emanuel Todorov,1508735054.73
Demosthenis Teneketzis,1508735063.12
Claire J. Tomlin,1508735069.27
Adam R. Klivans,1508735085.67
Bruce R. Schatz,1508735092.14
Venkat Anantharam,1508735107.54
Marvin Minsky,1508735115.58
Elliot Soloway,1508735125.30
Shivani Agarwal 0001,1508735132.95
Leslie Gasser,1508735146.91
Berthold K. P. Horn,1508735156.33
J. D. Tygar,1508735174.04
H. Venkateswaran,1508735190.11
E. Allen Emerson,1508735197.28
Nir Shavit,1508735206.52
Andrea S. LaPaugh,1508735215.67
William E. Howden,1508735234.12
H. Vincent Poor,1508735249.98
Leonard M. Adleman,1508735256.25
Lenore Blum,1508735265.62
Alexandre Megretski,1508735271.57
John C. Stamper,1508735280.46
David J. Perreault,1508735305.98
George A. Bekey,1508735344.65
Ingolf Krüger,1508735360.49
Bhiksha Ramakrishnan,1508735368.00
Satinder Singh Baveja,1508735377.07
Shang-Hua Teng,1508735385.99
Val Tannen,1508735395.83
Muhammad Naveed 0001,1508735405.70
Simha Sethumadhavan,1508735437.40
J. Strother Moore,1508735447.74
Ravishankar K. Iyer,1508735457.77
Qing Hu,1508735469.88
Yi-Ying Zhang,1508735695.17
Donald S. Fussell,1508735701.93
Yexiang Xue,1508735716.33
Brian W. Kernighan,1508735725.65
Joel Moses,1508735736.49
Sonia Fahmy,1508735742.83
Claire J. Tomlin,1508735749.22
Emanuel Todorov,1508735755.01
Zvi Galil,1508735766.47
Robert D. Skeel,1508735775.16
Martin Tompa,1508735791.56
Vladimir Vapnik,1508735800.82
Miodrag Potkonjak,1508735810.76
David P. Dobkin,1508735816.10
Kevin J. Compton,1508735832.49
Alberto L. Sangiovanni-Vincentelli,1508735848.95
Joel Voldman,1508735982.80
Hubert E. Dunsmore,1508735992.77
Jenna Wiens,1508736010.74
Robert S. Boyer,1508736016.82
Robert Sedgewick,1508736039.62
Sheila A. Greibach,1508736048.12
Barnabás Póczos,1508736054.42
Val Tannen,1508736061.52
Elfar Adalsteinsson,1508736066.66
David Mazières,1508736073.43
Michael A. Arbib,1508736081.77
Tommi S. Jaakkola,1508736163.67
Antonio Torralba 0001,1508736175.48
Jeffrey B. Remmel,1508736207.03
Ming-Deh A. Huang,1508736222.33
Betsy James DiSalvo,1508736238.12
Concettina Guerra,1508736244.22
Edmund H. Durfee,1508736249.86
Armando Fox,1508736267.07
Melvin A. Breuer,1508736273.89
Steven L. Tanimoto,1508736289.12
Mahesh Viswanathan 0001,1508736295.49
Edward Omiecinski,1508736322.75
Dieter van Melkebeek,1508736331.95
Daniel P. Miranker,1508736338.73
Thomas W. Reps,1508736344.62
Stephen A. Ward,1508736393.04
Yuval Tamir,1508736438.73
Rafael Pass,1508736447.68
John Wawrzynek,1508736455.38
Venkat Anantharam,1508736464.94
Subra Suresh,1508736474.88
Mohit Gupta,1508736481.59
Ndapandula Nakashole,1508736497.81
Clark T.-C. Nguyen,1508736505.22
J. D. Tygar,1508736525.49
Steven M. Conolly,1508736533.17
Umesh V. Vazirani,1508736576.33
Martha Mercaldi Kim,1508736589.90
James D. Herbsleb,1508736597.51
Matt Blaze,1508736613.71
H. Vincent Poor,1508736620.93
Kristofer S. J. Pister,1508736629.24
Greg N. Frederickson,1508736635.90
Aiichiro Nakano,1508736652.70
Mikhail J. Atallah,1508736659.25
Susanne E. Hambrusch,1508736718.17
Samuel N. Kamin,1508736730.45
John V. Guttag,1508736749.52
Milena Mihail,1508736767.38
Joseph J. DiStefano III,1508736772.70
Donald P. Greenberg,1508736783.15
Ravishankar K. Iyer,1508736798.77
Martha Mercaldi Kim,1508736804.73
Sanjoy Dasgupta,1508736814.09
Ulrich Neumann,1508736821.94
Robert Sedgewick,1508736827.06
Roxana Geambasu,1508736832.96
Roxana Girju,1508736838.36
Wei Wang 0010,1508736846.21
Yury Polyanskiy,1508736897.34
Mendel Rosenblum,1508736903.34
Jaijeet S. Roychowdhury,1508736910.25
Samuel N. Kamin,1508736918.83
Joseph Devietti,1508736927.25
C. Greg Plaxton,1508736934.00
Ming-Deh A. Huang,1508736943.40
Berthold K. P. Horn,1508736950.83
Walter J. Savitch,1508736960.92
Michael G. Dyer,1508736973.86
Srinivasa G. Narasimhan,1508736989.76
Sheila A. Greibach,1508737025.25
Jan Allebach,1508737034.30
Ingolf Krüger,1508737042.50
Chung-Kuan Cheng,1508770931.11
Otto Spaniol,1508783876.80
Pierre Baldi,1508783886.09
Daniel F. Keefe,1508783942.98
Aiman Hanna,1508784045.81
Robert I. Soare,1508784054.61
Ayan Chakrabarti,1508784066.64
Gregory B. White,1508784082.14
Nadine Marcus,1508784100.52
Kai Li 0001,1508784107.33
Sergios Theodoridis,1508784107.33
Ulrich K. Sorger,1508784117.08
Eddie Kohler,1508784128.85
Hyoseung Kim,1508784154.49
Niels Olof Bouvin,1508784168.91
David J. Pearce,1508784187.23
Donald G. Bailey,1508784203.68
Kyle Fox,1508784226.02
Jonghyuk Kim,1508784241.90
Christopher J. Taylor,1508784337.13
Jeremy T. Fineman,1508784399.34
Mukesh Tiwari,1508794092.93
Ignaz Rutter,1508794096.06
Filomena Ferrucci,1508794097.14
Kartik Gopalan,1508794098.41
Boudewijn P. F. Lelieveldt,1508794102.55
Eric Dinet,1508794106.07
Arne Storjohann,1508794106.91
Amnon Shashua,1508794117.20
César Sánchez,1508794146.18
A. P. Wim Böhm,1508794183.11
Matthew Butler 0002,1508794195.74
Lydia Tapia,1508794212.74
Anxiao Jiang,1508794224.22
Witawas Srisa-an,1508794244.62
Thomas Emrys Williams,1508794261.98
Qing-Hua Qin,1508794269.70
Jedidiah R. Crandall,1508794275.57
Stephen R. Marsland,1508794295.54
Luca Gemignani,1508794326.08
Tom Verhoeff,1508794349.33
Lisa Anthony,1508794373.55
Yitong Yin,1508794391.00
Henry M. Tufo,1508794408.34
Jean-Pierre Hubaux,1508794443.47
Anantharaman Kalyanaraman,1508794530.87
Tim Miller,1508794540.86
Xiaoyin Wang,1508794554.77
Tomasz Jurdzinski,1508794571.42
Theo Mary,1508794587.07
Nikolaos Hardavellas,1508794598.75
Mark Reynolds,1508794608.55
Xiuwen Liu,1508794627.72
Qinfeng Shi,1508794654.87
Deng Cai,1508794669.55
Willem Adrian Labuschagne,1508794694.64
John E. Savage,1508794703.28
Cornelis Huizing,1508794727.55
Kyla A. McMullen,1508794747.40
Sandiway Fong,1508794770.42
Kamesh Munagala,1508794777.71
Wen Zhao,1508794801.77
Ning Zhang,1508794850.65
Christoph Eick,1508794867.88
James J. Martin,1508794890.17
John M. Carroll,1508794934.37
Simon Harper,1508795038.53
Serge Haddad,1508795078.52
David McG. Squire,1508795116.62
Fei Chiang,1508795124.90
Philippa Gardner,1508795139.86
Rudolf Mathon,1508795172.41
Kevin Sullivan,1508795192.86
Bangti Jin,1508795215.61
Katie A. Siek,1508795228.88
Xia Hu,1508795253.25
Soon J. Hyun,1508795268.34
Alan Wassyng,1508795317.60
Marco Canini,1508795331.18
William S. Evans,1508795346.85
Joseph Keshet,1508795371.06
Eric Allender,1508795386.23
Shira L. Broschat,1508795408.76
Michael Gerndt,1508795424.04
Tony Field,1508795433.46
Nancy Hitschfeld-Kahler,1508795447.98
Jon Oberlander,1508795456.77
Eakta Jain,1508795482.05
Alois Knoll,1508795499.20
Alessandro Margara,1508795508.14
Ying Zhao 0006,1508795524.48
Rongxing Lu,1508795552.26
Hélio Pedrini,1508795594.65
Arti Ramesh,1508795631.71
Fabien Laguillaumie,1508795645.43
Andrew B. Horner,1508795655.95
David Toman,1508795674.37
Alan L. Bundy,1508795705.96
Xiangmin Jiao,1508796434.12
Naftaly H. Minsky,1508796461.75
Subhash Suri,1508796503.95
Krzysztof Z. Gajos,1508796548.13
Rahul Narain,1508796575.93
Lin Zhong,1508796588.96
Stacy Marsella,1508796725.48
Chee-Keng Yap,1508796767.52
Andrew Nealen,1508796776.89
Gary M. Olson,1508796792.43
Alexander V. Veidenbaum,1508796825.96
Stergios I. Roumeliotis,1508796839.26
R. Sekar,1508796869.61
Cem Yuksel,1508796896.04
Tomasz Imielinski,1508796912.84
Yun Fu 0001,1508796935.59
Michael L. Fredman,1508796963.09
David C. Parkes,1508797002.59
Loren G. Terveen,1508797033.92
Ping Li 0001,1508797077.90
Wei Xu 0004,1508797297.11
Elaheh Bozorgzadeh,1508800605.44
Radhika Nagpal,1508800621.84
Valerio Pascucci,1508800628.73
Yanxi Liu,1508800669.07
Amal Ahmed,1508800697.00
Mitchell Wand,1508800710.50
Minh Hoai Nguyen,1508800733.39
Dan S. Wallach,1508800750.19
Eric Van Wyk,1508800773.21
Elizabeth M. Belding-Royer,1508800826.50
Dimitris Samaras,1508800842.04
Swastik Kopparty,1508800868.71
Paul R. Schrater,1508800878.39
Daniel Kifer,1508800902.39
Julian Togelius,1508800918.64
Ladislav Kavan,1508800948.81
Gene Cooperman,1508800984.74
Jesse L. Barlow,1508801009.32
Margo I. Seltzer,1508801024.15
Michael L. Overton,1508801065.82
John V. Carlis,1508801097.00
Kenneth Baclawski,1508801135.09
Gary W. Meyer,1508801155.94
Jur P. van den Berg,1508801193.99
Stefano Tessaro,1508801215.87
Chandra Krintz,1508801230.75
Richard Rasala,1508801237.37
Francesco Orabona,1508801243.50
David M. Brooks,1508801260.22
Paolo A. G. Sivilotti,1508801398.98
Divyakant Agrawal,1508801413.05
Richard Bonneau,1508801484.76
Hanspeter Pfister,1508801509.42
Al Davis,1508801553.34
Yaron Singer,1508801581.62
Alexander T. Ihler,1508801588.86
Timothy Sherwood,1508801625.24
Mahmut T. Kandemir,1508801658.31
Joseph Bonneau,1508801732.24
Linhai Song,1508801751.44
Sneha Kumar Kasera,1508801762.95
Robert Cartwright,1508801773.04
Ulrich Kremer,1508801789.21
John M. Mellor-Crummey,1508801795.48
Rezaul Alam Chowdhury,1508801827.85
Abhi Shelat,1508801834.78
Spyros Blanas,1508801842.77
Guevara Noubir,1508801860.09
Narayanan Vijaykrishnan,1508801885.39
Suresh Venkatasubramanian,1508801944.81
Richard G. Baraniuk,1508801969.32
Charles D. Hansen,1508802056.42
Sandy Irani,1508802108.19
P. Thomas Fletcher,1508802117.69
Kai Zheng 0002,1508802123.94
Hansen Andrew Schwartz,1508802161.39
I. V. Ramakrishnan,1508802168.57
Thomas Wahl,1508802181.44
William Yang Wang,1508802203.79
Stanislaw Jarecki,1508802222.83
Gillian R. Hayes,1508802238.08
David Cox,1508802257.11
Victor Shoup,1508802370.98
Andrea Grimes Parker,1508802392.19
Eric Fosler-Lussier,1508802410.36
Richard Wolski,1508802438.12
Jon B. Weissman,1508802444.84
Tao Yang 0009,1508802473.76
Margaret H. Wright,1508802486.58
Lubomir F. Bic,1508802504.29
Rephael Wenger,1508802516.58
Tian He,1508802524.02
Guido Gerig,1508802554.01
Jie Gao,1508802598.79
Arnab Nandi,1508802623.82
Alexandru Nicolau,1508802641.75
David Hung-Chang Du,1508802651.48
Giovanni Vigna,1508802660.03
Cristina V. Lopes,1508802701.21
Claudia Neuhauser,1508802729.87
Thomas Schmid,1508802744.89
Yi-Jen Chiang,1508802766.99
Tobias Höllerer,1508802780.31
Bud Mishra,1508802814.02
Hong Qin,1508802859.86
Danfeng Zhang,1508802886.80
Marco Levorato,1508802903.90
Vladimir Pavlovic,1508802920.06
Stephen Chong,1508802954.58
Mehryar Mohri,1508802969.93
Joshua Tanenbaum,1508803003.53
Zvi M. Kedem,1508803055.65
Isaac D. Scherson,1508803068.29
Mats Per Erik Heimdahl,1508803090.49
Raj Acharya,1508803097.59
Rumi Chunara,1508803110.85
Krishna V. Palem,1508803127.85
B. R. Badrinath,1508803557.04
Patrick D. McDaniel,1508803607.61
Huijia Lin,1508803653.10
Klaus Mueller,1508803671.87
Meenakshisundaram Gopi,1508803753.57
Vivek Srikumar,1508803767.31
Marcel Prastawa,1508803781.07
Steven Skiena,1508803794.39
Tucker Hermans,1508803830.33
Kenneth J. Supowit,1508803864.49
Mary Jane Irwin,1508803877.42
Paul Medvedev,1508803937.34
John Regehr,1508803956.42
John J. Metzner,1508803972.63
Melissa Mazmanian,1508803987.55
Ryan Stutsman,1508804004.17
Lakshminarayanan Subramanian,1508804022.74
Erin Parker,1508804044.66
Kannan Srinivasan,1508804054.50
Paul Dourish,1508804078.96
Christo Wilson,1508804106.14
Olof B. Widlund,1508804120.81
Mirek Riedewald,1508804134.80
Susan A. Murphy,1508804154.22
Wang-Chien Lee,1508804194.27
Daniel Boley,1508804226.44
Rajeev Balasubramonian,1508804256.65
T. S. Eugene Ng,1508804281.67
David R. Kaeli,1508804300.19
William Steiger,1508804360.28
Davi Geiger,1508804369.18
Joseph R. Cavallaro,1508804394.60
Desheng Zhang,1508804441.54
Casimir A. Kulikowski,1508804460.17
Thomas F. La Porta,1508804476.87
Alexander M. Rush,1508804526.08
Xiaojun Bi,1508804542.43
Kostis P. Michmizos,1508804558.14
David A. Smith,1508804576.65
Ravi Janardan,1508804616.96
Jinyang Li,1508804623.49
Robert Michael Kirby,1508804637.98
Theodore Kim,1508804677.31
Ron Goldman 0002,1508804693.58
Anita Wasilewska,1508804708.15
Arindam Banerjee,1508804717.52
Mikhail Belkin,1508804744.73
Erik Brunvand,1508804767.74
Jacobus E. van der Merwe,1508804794.04
Christopher Krügel,1508804834.46
Sangjin Hong,1508804842.51
Guoqing (Harry) Xu,1508804850.57
Ambuj K. Singh,1508804863.55
Damon McCoy,1508804880.04
Subhash Khot,1508804894.35
Jelani Nelson,1508821234.20
Christoph Riedl,1508821251.17
Robert F. Kelly,1508821266.69
Kenneth S. Stevens,1508821307.20
Dan Knights,1508821342.09
Allan Gottlieb,1508821357.36
S. Muthukrishnan,1508821366.64
Xianfeng Gu,1508821424.00
Peter R. Cappello,1508821610.43
Scott Kuindersma,1508821642.35
Michael D. Bond,1508821656.71
C. Lee Giles,1508821681.54
Han-Wei Shen,1508821752.05
Luis Rademacher,1508821778.84
Christopher Stewart,1508821792.97
Mubbasir Kapadia,1508821813.82
Webb Miller,1508821833.41
Alessandro Vespignani,1508821868.26
Joel H. Spencer,1508821905.62
Kok-Ming Leung,1508821926.48
Guohong Cao,1508821931.88
Enrico Bertini,1508821967.51
Cody Dunne,1508822048.11
Rebecca N. Wright,1508822063.65
Michael Mitzenmacher,1508822087.65
Yang Wang 0009,1508822120.81
Yevgeniy Dodis,1508822371.15
Joseph L. Zachary,1508822393.93
Alfred Kobsa,1508822427.78
Karl J. Lieberherr,1508822460.96
Padhraic Smyth,1508822499.95
H. Andrew Schwartz,1508822540.00
Louis I. Steinberg,1508822553.49
Radu Teodorescu,1508822567.25
Aditi Majumder,1508822586.33
Piotr Berman,1508822609.21
Linda R. Petzold,1508822615.58
Boris Aronov,1508822664.92
Vijay V. Vazirani,1508822688.86
Jack Sampson,1508822704.70
Patrick Cousot,1508822722.44
Juliana Freire,1508822753.39
Aditya Bhaskara,1508822782.62
Mohamed F. Mokbel,1508822795.30
Marco Gruteser,1508822833.91
Feng Qin,1508822863.23
Joel H. Spencer,1508823116.52
Peng Liu,1508823122.05
Helen Nissenbaum,1508823169.46
Michael J. Carey,1508823178.34
Bahman Kalantari,1508823242.26
Gerard de Melo,1508823250.75
Sean Hallgren,1508823262.10
Thu D. Nguyen,1508823270.08
Jingjin Yu,1508823286.26
Finale Doshi-Velez,1508823303.45
Dennis Shasha,1508823312.36
Michael Ferdman,1508823372.36
Thomas Wies,1508823389.49
Tamal K. Dey,1508823402.24
Jeff M. Phillips,1508823435.49
Teofilo F. Gonzalez,1508823459.01
Wei Zhu,1508823493.27
Facundo Mémoli,1508825333.11
Anish Arora,1508825351.91
Clark W. Barrett,1508825390.79
Eric Mjolsness,1508825424.09
Stratos Idreos,1508825449.99
Michael O. Rabin,1508825474.10
Kenneth S. Stevens,1508825503.02
Matthew Stone,1508825510.52
Shashi Shekhar,1508825534.88
Antonia Zhai,1508825626.30
Engin Kirda,1508825631.93
Geoffrey C. Bowker,1508825662.69
Rob Fergus,1508825677.05
Yiling Chen,1508825699.76
Oded Regev 0001,1508825735.16
Judith S. Olson,1508825762.05
Daniel Wichs,1508825792.75
Steven J. Gortler,1508825806.18
Manish Parashar,1508825825.88
Nikolaos Papanikolopoulos,1508825900.40
Michael B. Dillencourt,1508825945.87
Benjamin Goldberg,1508825962.37
Neelam Soundarajan,1508825980.19
Barbara J. Grosz,1508826004.33
Chen Li 0001,1508826021.40
John Iacono,1508826256.81
Patrick Drew McDaniel,1508826279.73
Ralph Grishman,1508826286.91
C. R. Ramakrishnan,1508826326.23
Elaine Cohen,1508826352.48
Alexander Schliep,1508826380.16
David Eppstein,1508826395.82
Tamara Denning,1508826433.77
Ömer Egecioglu,1508826450.40
Feifei Li 0001,1508826458.78
Huamin Wang,1508826500.12
Tina Eliassi-Rad,1508826516.12
Matthew Turk,1508826539.70
Vipin Kumar,1508826570.59
Clark W. Barrett,1508826818.17
Viera K. Proulx,1508826826.98
David Cash,1508826840.69
James A. Jones,1508826856.54
Xinyu Xing,1508826873.05
Apostolos Gerasoulis,1508826900.45
Cristina Nita-Rotaru,1508826918.47
Shubhangi Saraf,1508826951.69
Olga Vitek,1508826967.46
Robert Platt Jr.,1508826990.20
Kevin C. Almeroth,1508826996.22
Abhishek Bhattacharjee,1508827040.23
Dimitris N. Metaxas,1508827053.46
Maria L. Gini,1508827546.03
Gillian Smith,1508827588.98
Mark Christensen van Langeveld,1508827607.60
Zvonimir Rakamaric,1508827615.89
Richard F. Riesenfeld,1508827632.21
Hari Sundar,1508827644.09
Marsha J. Berger,1508827657.29
William D. Clinger,1508827675.27
William Thompson,1508827689.09
Erik B. Sudderth,1508827708.84
John M. Hollerbach,1508827728.35
Edward K. Wong,1508827764.80
Eddy Z. Zhang,1508827782.01
Bei Wang,1508827797.20
Richard H. Lathrop,1508827814.95
Swarat Chaudhuri,1508827845.06
Keith D. Cooper,1508827858.85
Gloria Mark,1508827888.23
Christopher Amato,1508827909.60
Joe D. Warren,1508827923.82
Martin Berzins,1508827939.53
Nasir D. Memon,1508827966.84
Leslie G. Valiant,1508827974.37
Martin Farach-Colton,1508828009.57
George Kesidis,1508828038.03
Panagiotis Manolios,1508828076.22
Mohamed Zahran,1508828082.42
Yanhong A. Liu,1508828101.97
Ellen Riloff,1508828118.65
Anand Sivasubramaniam,1508828143.61
Michael D. Smith,1508828185.14
Lee A. Hollaar,1508828322.32
Nima Honarmand,1508828338.10
Richard Cole 0001,1508828357.76
Rajmohan Rajaraman,1508828382.54
Lisa Hellerstein,1508828401.69
Michalis Polychronakis,1508828415.33
Tony Givargis,1508828434.82
Jonathan Ullman,1508828459.97
Frédéric Gibou,1508828475.74
Rina Dechter,1508828494.05
Yousef Saad,1508828542.02
Jaideep Srivastava,1508828593.07
Minlan Yu,1508828661.58
Aruna Balasubramanian,1508828677.28
Jim Davis,1508828691.20
Stephen J. Guy,1508828726.76
Nalini Venkatasubramanian,1508828739.51
Tevfik Bultan,1508828780.69
Finale Doshi-Velez,1508828807.38
Leo Bachmair,1508828815.21
Peter J. Varman,1508828831.33
Siddharth Garg,1508828865.83
Gang Tan,1508828888.64
Sam Malek,1508828908.12
David R. Choffnes,1508828929.89
Lydia E. Kavraki,1508828954.30
Raghu Machiraju,1508828991.45
Richard Brown,1508829023.49
Misha Pavel,1508829062.86
Sencun Zhu,1508829098.63
Anshumali Shrivastava,1508829122.60
Jan-Willem van de Meent,1508829138.68
Panagiotis Manolios,1508829152.16
Gopalan Nadathur,1508829157.98
Joseph A. Konstan,1508829170.57
Matthew S. Goodwin,1508829202.78
Larry A. Finkelstein,1508829217.51
Rong Zhao,1508829241.74
Magda El Zarki,1508829260.19
Phyllis G. Frankl,1508829267.52
Volkan Isler,1508830075.02
Scott A. Smolka,1508830094.42
Agnes Hui Chan,1508830131.45
Jan Vitek,1508830140.31
Michael T. Goodrich,1508830165.43
William K. Robertson,1508830218.38
Charless C. Fowlkes,1508830239.49
H. T. Kung,1508830262.71
Madhu Sudan,1508830306.87
Roger Crawfis,1508830357.03
Pranjal Awasthi,1508830384.49
Panayotis Mavromatis,1508830397.47
Marsette Vona,1508830412.73
David Lazer,1508830428.82
Carla E. Brodley,1508830461.46
Rupal Patel,1508830491.14
Robert Michael Young,1508830512.74
Jonathan Zittrain,1508830539.29
Peter Desnoyers,1508830560.92
Gerard R. Richter,1508830574.37
Nikil D. Dutt,1508830591.99
Nicholas Hopper,1508830668.31
John R. Gilbert,1508830690.69
Bhuvan Urgaonkar,1508830718.34
Endre Szemerédi,1508830740.24
Chris Jermaine,1508830747.85
Arie E. Kaufman,1508830764.84
Matthias Felleisen,1508830825.18
Richard A. Kemmerer,1508830855.99
Alexander Borgida,1508830870.20
Stephen McCamant,1508830904.72
David B. Johnson,1508830913.10
Yuanyuan Yang,1508831073.51
Eugene W. Stark,1508831114.65
Theodore S. Rappaport,1508831141.00
Haiyi Zhu,1508831198.17
Dennis E. Shasha,1508831214.81
Barbara M. Chapman,1508831220.11
Rui Kuang,1508831263.14
Samir Ranjan Das,1508831269.37
Huan Sun,1508831276.56
James W. Mickens,1508831290.77
Olin Shivers,1508831315.45
Nick Nikiforakis,1508831334.01
Xifeng Yan,1508831349.99
Justin Cappos,1508831389.90
Joan Bruna,1508831404.32
Ganesh Gopalakrishnan,1508831419.37
Robert Platt Jr.,1508831458.95
Yuan-Fang Wang,1508831464.95
Anirudh Sivaraman,1508831485.90
Yuan Xie 0001,1508831497.80
Fusheng Wang,1508831547.08
Stephen S. Intille,1508831574.24
Christopher R. Johnson 0001,1508831595.15
Bonnie A. Nardi,1508831609.41
Anand R. Tripathi,1508831662.14
Richard P. Martin,1508831671.96
Panagiotis Manolios,1508831694.80
Timothy W. Bickmore,1508831700.07
Lu Wang,1508831739.81
Michael A. Bender,1508831755.61
Shuang Zhao,1508831782.39
Ashok Veeraraghavan,1508831796.43
Wim van Dam,1508831820.74
Kyunghyun Cho,1508831856.49
Seth Cooper,1508831877.62
Scott Jordan,1508831890.96
P. Sadayappan,1508831920.68
Richard N. Taylor,1508831974.73
Kostas E. Bekris,1508832025.14
Ross T. Whitaker,1508832059.19
Salil P. Vadhan,1508832102.29
Stuart M. Shieber,1508832139.58
Radu Sion,1508832178.45
Prasun Sinha,1508832201.35
Barbara M. Chapman,1508832224.97
Tolga Tasdizen,1508832233.15
Frank Tip,1508832255.65
Roy Shilkrot,1508832279.33
Torsten Suel,1508832294.42
Samir Ranjan Das,1508832316.25
Debra J. Richardson,1508832325.67
Zhi-Li Zhang,1508832356.01
Junaed Sattar,1508832396.70
Nikil D. Dutt,1508832409.57
Theodore Ted S. Rappaport,1508832415.08
Alan Mislove,1508832465.90
Ardalan Amiri Sani,1508832478.49
Brendan Dolan-Gavitt,1508832493.70
Javed A. Aslam,1508832508.58
Michael O. Rabin,1508832523.32
Bill Tomlinson,1508832532.97
Niranjan Balasubramanian,1508832559.68
Matthew Flatt,1508832576.44
Brian Demsky,1508832602.41
Ehsan Elhamifar,1508832607.70
Xiaodong Zhang 0001,1508832624.19
Linda R. Petzold,1508832885.13
Emanuele Viola,1508832894.96
Harry R. Lewis,1508832909.90
Ness B. Shroff,1508832925.05
Edward W. Knightly,1508832977.95
Mary W. Hall,1508833017.63
Pen-Chung Yew,1508833048.08
Craig Caldwell,1508833054.54
Nicoleta Roman,1508833062.43
Denis Zorin,1508833079.96
Alan Ritter,1508833089.90
Long Lu,1508833105.13
Albert-László Barabási,1508833153.46
Jim Waldo,1508833196.54
Robert Patro,1508833208.32
Erez Zadok,1508833225.56
Amélie Marian,1508833243.41
Sam Bowman,1508833260.81
Alina Oprea,1508833273.28
Michael Kifer,1508833287.35
Amr El Abbadi,1508833318.07
Xin Wang 0001,1508833833.53
Sameer Singh 0001,1508834079.60
Lee D. Coraor,1508834313.35
Anshul Gandhi,1508834328.50
Dong Xuan,1508834346.43
Alexander Lex,1508834367.34
Harriet J. Fell,1508834381.74
Ben Hardekopf,1508834401.70
Zhenhua Liu,1508834410.74
Ten-Hwang Lai,1508834429.80
Ernest Davis,1508834437.79
Jing Chen 0001,1508834459.85
Victoria Interrante,1508834502.96
Ahmed M. Elgammal,1508834526.50
Kangjie Lu,1508834565.95
David F. Redmiles,1508834583.91
Santosh Nagarakatte,1508834623.80
Alan L. Cox,1508834640.46
Wayne B. Hayes,1508834669.75
Ravi Sundaram,1508834683.11
Byron C. Wallace,1508834708.47
Mario Szegedy,1508834730.03
Michael Walfish,1508834739.74
Anand R. Tripathi,1508834753.98
Gene Tsudik,1508834763.65
