name,scholarid
A. Udaya Shankar,va3grGAAAAAJ
Aaron F. Bobick,rynvwScAAAAJ
Aaron Roth,kLUQrrYAAAAJ
Aarti Gupta,S_jYB2sAAAAJ
Aarti Singh,6jP3ZSEAAAAJ
Abdallah Saffidine,yWzT7LAAAAAJ
Abdeslam Boularias,8AF3RCsAAAAJ
Abdullah Algarni,fQldSpoAAAAJ
Abhinav Gupta,bqL73OkAAAAJ
Abhishek Chandra,hSklLfsAAAAJ
Abolfazl Seyed Motahari,rJ-biB0AAAAJ
Ada Gavrilovska,OlRjTCIAAAAJ
Adam Belay,AKQec5wAAAAJ
Adam Doupé,hsJqhNAAAAAJ
Adam Finkelstein,a959F6AAAAAJ
Adam Hahn,nGBlVWwAAAAJ
Adam Wierman,4OvOdSgAAAAJ
Aditya Akella,d_rxnzAAAAAJ
Adnan Darwiche,pygPWvEAAAAJ
Adrian Sampson,Bq50aCUAAAAJ
Adrian Sandu,A7fZNg0AAAAJ
Adriana Ferraro,f5QpDogAAAAJ
Adriana Iamnitchi,BfrPSGIAAAAJ
Aggelos Kiayias,P_L_vZAAAAAJ
Ahmad Alzahrani,10GPVtsAAAAJ
Ahmad Sharieh,lXeTzzAAAAAJ
Ahmed Sameh,tk2gySEAAAAJ
Aki Vehtari,tYgN0GsAAAAJ
Akshat Kumar,zsYC3R0AAAAJ
Akshay Krishnamurthy,K0kaNvkAAAAJ
Alan Fern,GaKxFrcAAAAJ
Alan S. Willsky,XYy_Nm4AAAAJ
Alan Sussman,4Ts9jNQAAAAJ
Alan W. Black,Es-YRKMAAAAJ
Alban Ponse,v709bGQAAAAJ
Alberto Del Pia,P29s_F0AAAAJ
Aleksandar Nanevski,JGza54YAAAAJ
Aleksandra Korolova,oK_XUmsAAAAJ
Alessandro Acquisti,2XCryp4AAAAJ
Alessandro Bruni,lbZ6n5IAAAAJ
Alessandro Campi,-sgWLYcAAAAJ
Alessandro Chiesa,rW1Bio0AAAAJ
Alessandro Salandrino,ZX0I5pcAAAAJ
Alex C. Snoeren,lBzZU1IAAAAJ
Alex Endert,_ZIAy3cAAAAJ
Alex Kirlik,ZS-2t_AAAAAJ
Alex Orailoglu,RJhla18AAAAJ
Alex Pothen,_Fah5fwAAAAJ
Alexander A. Sherstov,JinbAIQAAAAJ
Alexander Aiken,3vKjkoQAAAAJ
Alexander Brodsky,tsky7fYAAAAJ
Alexander G. Gray,M3VZmxIAAAAJ
Alexander H. Waibel,uHwTzpYAAAAJ
Alexander Rakhlin,fds2VpgAAAAJ
Alexandr Andoni,Evgx6UkAAAAJ
Alexandra Boldyreva,8mHLyRoAAAAJ
Alexandra Kolla,wOb0lqUAAAAJ
Alexandra Meliou,sOzdfjYAAAAJ
Alexandre P. Francisco,hJ_H818AAAAJ
Alexandros G. Dimakis,JSFmVQEAAAAJ
Alexei A. Efros,d97bGd8AAAAJ
Alexei Sourin,8A7kHCYAAAAJ
Alfredo De Santis,Wt7Y3-oAAAAJ
Ali A. Ghorbani,tMc1RhUAAAAJ
Ali Asghar Nazari Shirehjini,USZyRusAAAAJ
Ali Javey,1gqyKqcAAAAJ
Ali M. Niknejad,urhvgT0AAAAJ
Ali Niknejad,urhvgT0AAAAJ
Alin Deutsch,2lZr6WsAAAAJ
Alina Sirbu,o-G11bQAAAAJ
Alison Hill,35wY-0QAAAAJ
Alistair Moffat,r3xSME0AAAAJ
Allen Tannenbaum,w0Vl_lsAAAAJ
Alon Keinan,rS0EX5EAAAAJ
Alwen Tiu,92pa9z8AAAAJ
Ameet Talwalkar,TW7U1W0AAAAJ
Amelia Regan,1xfwEBAAAAAJ
Amir Ali Ahmadi,CmoKVuUAAAAJ
Amir Globerson,5JserkUAAAAJ
Amir Herzberg,p-POZjgAAAAJ
Amir Houmansadr,cTTFHNwAAAAJ
Amir Rahmati,_Y_YRLAAAAAJ
Amir Salman Avestimehr,Qhe5ua0AAAAJ
Amit Sahai,gqB23VMAAAAJ
Amiya Nayak,ttUIYysAAAAJ
Amol Deshpande,pOh1as0AAAAJ
Amos Ron,xhaTxtcAAAAJ
Amy Bruckman,IdWa_JkAAAAJ
Amy Ogan,I0ZGaCQAAAAJ
AnHai Doan,Qa_TAw4AAAAJ
Ana Claudia Arias,LbYsy_QAAAAJ
Anand Tripathi,vnR_Q4IAAAAJ
Anant Agarwal,qvYAEucAAAAJ
Anant Sahai,4gWt4fgAAAAJ
Ananth Grama,bpsZlEQAAAAJ
Anastasios Sidiropoulos,YR_MYrAAAAAJ
Anca D. Dragan,UgHB5oAAAAAJ
Anca Dragan,UgHB5oAAAAAJ
Andre Scedrov,F-kvxQoAAAAJ
Andrea Bonarini,WgxMfwMAAAAJ
Andrea Lockerd Thomaz,fcJ3srIAAAAJ
Andrea Tagliasacchi,1RmD-YsAAAAJ
Andreas Haeberlen,kqPhodQAAAAJ
Andreas Henschel,jenl24IAAAAJ
Andreas Klöckner,n5dYy5sAAAAJ
Andreas R. Pfenning,Q6VLB4gAAAAJ
Andrew C. Myers,ovlpa_IAAAAJ
Andrew Gordon Wilson,twWX2LIAAAAJ
Andrew Lo,4M-iGXMAAAAJ
Andrew M. Childs,7MOW-j4AAAAJ
Andrew McCallum,yILa1y0AAAAJ
Andrew McGregor,IpBjTKQAAAAJ
Andrew Meneely,LFxEgGoAAAAJ
Andrew Miller,KWqO1CgAAAAJ
Andrew Pavlo,u1UDm4wAAAAJ
Andrew W. Appel,wC_ntLYAAAAJ
Andrew W. Moore,lSWWr04AAAAJ
André DeHon,nintPk8AAAAJ
André van der Hoek,h3L7zkoAAAAJ
Andy Podgurski,CnkkNpsAAAAJ
Angelos D. Keromytis,mncyWbcAAAAJ
Aniket Kate,dmhWxJgAAAAJ
Aniket Kittur,2vZ5zRQAAAAJ
Anil Damle,VqOc5C8AAAAJ
Anil Kumar S. Vullikanti,MNJ-E9UAAAAJ
Anil N. Hirani,2FlUClkAAAAJ
Anind Dey,ydA8Q5AAAAAJ
Anind K. Dey,ydA8Q5AAAAAJ
Anish Mathuria,l3CE25YAAAAJ
Ankur Moitra,umFQktIAAAAJ
Anna Gál,7079Jy8AAAAJ
Annalisa De Bonis,XpwdqF8AAAAJ
Anne Benoit,GKgs3tgAAAAJ
Anne Roudaut,03epP5wAAAAJ
Annie I. Antón,IQosWycAAAAJ
Ansaf Salleb-Aouissi,77kOUvYAAAAJ
Anshul Kundaje,T2vp1pgAAAAJ
Anthony D. Joseph,xdGKgtcAAAAJ
Anthony Gitter,j0_fn9oAAAAJ
Anthony Steed,mPvFg_8AAAAJ
Antoaneta Serguieva,hgThGaQAAAAJ
Antonio Capone,KS1VFqgAAAAJ
Antonio Torralba,8cxDHS4AAAAJ
Antonis Dimakis,DlAhQuIAAAAJ
António Rito Silva,wKnmYTYAAAAJ
Anup Basu,x8Nn-jQAAAAJ
Anup Rao,T2U5sGIAAAAJ
Apu Kapadia,r42-hFIAAAAJ
Aravind Srinivasan,sPzla6IAAAAJ
Ari Juels,uf0D-uoAAAAJ
Arie Gurfinkel,WHTB3_MAAAAJ
Arjun Guha,yMU0f9EAAAAJ
Arjun Mukherjee,wUNpA_sAAAAJ
Armando Solar-Lezama,8BX3BokAAAAJ
Armin Haller,BehUprAAAAAJ
Arpita Patra,RG6kKh8AAAAJ
Arun Venkataramani,9v2UD2QAAAAJ
Arvind,P0hz-8UAAAAJ
Arvind Krishnamurthy,EnCwNycAAAAJ
Arvind Narayanan,0Bi5CMgAAAAJ
Arya Mazumdar,9tjQU1EAAAAJ
Aryabartta Sahu,apzckLUAAAAJ
Ashok K. Agrawala,H2yeP2sAAAAJ
Ashok K. Goel,VjNg25EAAAAJ
Atanas Rountev,Y9Jw4lcAAAAJ
Atif Memon,jJPSj0IAAAAJ
Atul Prakash,kIkHa2IAAAAJ
August-Wilhelm Scheer,JeUi9iEAAAAJ
Augustin Chaintreau,Hb6J54cAAAAJ
Avideh Zakhor,XV8QLVQAAAAJ
Avinatan Hassidim,CnBvgwcAAAAJ
Aws Albarghouthi,CUbC2zYAAAAJ
Azzam Mourad,p3DTnQQAAAAJ
B. David Saunders,U-0PM_cAAAAJ
Baishakhi Ray,VaAEb5YAAAAJ
Barbara Webb,k9T3V7EAAAAJ
Baris Kasikci,y5J0h7gAAAAJ
Barna Saha,BsmjRdoAAAAJ
Bart Selman,pJ28HA0AAAAJ
Barzan Mozafari,HHd7uewAAAAJ
Basura Fernando,GyvseMkAAAAJ
Beatriz Otero,DYV7AzEAAAAJ
Beichuan Zhang,-IMW-w0AAAAJ
Ben Liblit,nvR1mBgAAAAJ
Ben Reichardt,BEGRf_EAAAAJ
Ben Shneiderman,h4i4fh8AAAAJ
Ben Swift,OQdYgLEAAAAJ
Benjamin B. Bederson,IcW1vJEAAAAJ
Benjamin Bach,dXbz4FgAAAAJ
Benjamin Delaware,2Y4R04EAAAAJ
Benjamin Kuipers,H1XVLwsAAAAJ
Benjamin M. Marlin,ey960FIAAAAJ
Benjamin Recht,a_dbdxAAAAAJ
Bernard Chazelle,C1VwgssAAAAJ
Bernard Fortz,YaOdoooAAAAJ
Bernardo Cuenca Grau,THu1uZMAAAAJ
Bernd Bruegge,io5O8OUAAAAJ
Bernd Sturmfels,5zTUNsQAAAAJ
Bernhard Haeupler,hIq09eUAAAAJ
Bernhard Rumpe,nED1C7QAAAAJ
Berç Rustem,AeKQNY0AAAAJ
Bharat Adsul,bZhCDxIAAAAJ
Bharat Jayaraman,MwIL3roAAAAJ
Bhaskar DasGupta,V6ddZSkAAAAJ
Bhaskaran Raman,qj3IRU8AAAAJ
Bhavana Kanukurthi,QYNU5jMAAAAJ
Bhojan Anand,FDxsgEgAAAAJ
Bhubaneswar Mishra,Ta8xyLgAAAAJ
Bilge Mutlu,VGr54BoAAAAJ
Bin Ma,f-eL6DYAAAAJ
Bin Xu,h-BY2wgAAAAJ
Bin Yu,xT19Jc0AAAAJ
Bing Mao,4HAkmwcAAAAJ
Bistra Dilkina,1jjyaBYAAAAJ
Biswanath Mukherjee,ytXtLjkAAAAJ
Björn Hartmann,aZMY6_UAAAAJ
Björn Hof,tytU38QAAAAJ
Björn Regnell,W37CtAwAAAAJ
Blair MacIntyre,UA3tyKwAAAAJ
Boaz Barak,XGiiygQAAAAJ
Bobby Bhattacharjee,mHLADWkAAAAJ
Bogdan Vasilescu,bcXjlqYAAAAJ
Bonnie Berger,qMOS01AAAAAJ
Boon Thau Loo,HF2G3LAAAAAJ
Boris Konev,W0VU0J8AAAAJ
Borivoje Nikolic,QEqPllIAAAAJ
Brad A. Myers,E1cp_aYAAAAJ
Bradley J. Lucier,sVRNOg0AAAAJ
Brandon Lucia,a9T7i5QAAAAJ
Brendan O'Connor,V4LXxrQAAAAJ
Brendan T. O'Connor,V4LXxrQAAAAJ
Brent Hecht,6IinLVUAAAAJ
Brent Waters,VEKxHOAAAAAJ
Brian A. Barsky,oTBMllcAAAAJ
Brian Curless,tlh8i7gAAAAJ
Brian D. Noble,U0Ps_DwAAAAJ
Brian Neil Levine,oHbIF48AAAAJ
Brian P. Bailey,eiqD0hoAAAAJ
Brian Scassellati,0jSdqoEAAAAJ
Brian Y. Lim,_bza0AoAAAAJ
Brighten Godfrey,D2K-ADYAAAAJ
Bruce H. Krogh,s4yZTp4AAAAJ
Bruce N. Walker,xY3zIEAAAAAJ
Bruce Tidor,0YlwI5MAAAAJ
Bruno Martins,VQMUt8kAAAAJ
Bruno Ribeiro,KIEleCsAAAAJ
Bruno Sinopoli,zZO9qG4AAAAJ
Bryan Minor,0g7f1_YAAAAJ
Bryan Ng,OypvS8QAAAAJ
Bryan Parno,kTTBpJkAAAAJ
Byoungyoung Lee,AoDgrKIAAAAJ
Byrav Ramamurthy,Moj2TLMAAAAJ
Byron Boots,kXB8FBoAAAAJ
C. Karen Liu,i28fU0MAAAAJ
C.-C. Jay Kuo,81d60okAAAAJ
Calton Pu,Vbv-JEwAAAAJ
Calvin Lin,VDMARucAAAAJ
Carl A. Gunter,3S5qpXsAAAAJ
Carl Kingsford,V_cvqKcAAAAJ
Carlo Zaniolo,f8FjAtMAAAAJ
Carsten Rother,N_YNMIMAAAAJ
Catherine Blake,Dyxv_DQAAAAJ
Catholijn Jonker,khyi_HIAAAAJ
Chandan Karfa,pp-UnuoAAAAJ
Chandra Chekuri,7j3itaMAAAAJ
Chandrashekar Ramanathan,EBSaHLkAAAAJ
Chang Ming Wu,R1UPxsMAAAAJ
Changhe Yuan,dVia5U4AAAAJ
Chao Tian,NEbjixgAAAAJ
Charalambos Poullis,IhcdDa8AAAAJ
Charles C. Weems,bkN-YUkAAAAJ
Charles E. Leiserson,gWBoNCsAAAAJ
Charles Elkan,im5aMngAAAAJ
Charles Van Loan,N7sfFpcAAAAJ
Chenfanfu Jiang,jTivVMEAAAAJ
ChengXiang Zhai,YU-baPIAAAAJ
Chetan D. Parikh,S1edNtAAAAAJ
Chi-Keung Tang,EWfpM74AAAAJ
Chih-Wen Hsueh,JPPL6AYAAAAJ
Chinmay Kulkarni,ZDatV6MAAAAJ
Chita R. Das,2kXsgI4AAAAJ
Chris Callison-Burch,nv-MV58AAAAJ
Chris Clifton,C_cWJIkAAAAJ
Chris Gniady,iGccVmEAAAAJ
Chris H. Q. Ding,q7FfnjgAAAAJ
Chris Harrison,36HRdqMAAAAJ
Chris Peikert,PiZymREAAAAJ
Chris Wilson,NVZwQFsAAAAJ
Christian Kästner,PR-ZnJUAAAAJ
Christian Richardt,AZH_wV0AAAAJ
Christina Garman,r_GU-AwAAAAJ
Christoforos E. Kozyrakis,G2EJz5kAAAAJ
Christoph Schommer,toyuQnMAAAAJ
Christopher Batten,sHu62agAAAAJ
Christopher D. Manning,1zmDOdwAAAAJ
Christopher J. Rossbach,pPSWi5EAAAAJ
Christos H. Papadimitriou,rXYLXJMAAAAJ
Chun Tung Chou,R_YNoskAAAAJ
Chunlei Liu,HhKyc4EAAAAJ
Chunyi Peng,7QF1eF4AAAAJ
Claire Cardie,ex9BQiIAAAAJ
Claire Le Goues,Cmr9ljkAAAAJ
Clifford Stein,r49_E2cAAAAJ
Cláudio T. Silva,YIwiAAsAAAAJ
Colin Potts,NXtRD1cAAAAJ
Connelly Barnes,NINFXC0AAAAJ
Constantinos Daskalakis,iTv2cOgAAAAJ
Constantinos Dovrolis,sfuwsSwAAAAJ
Corinne Fournier,H4BOYe8AAAAJ
Cristian Danescu-Niculescu-Mizil,njczUPMAAAAJ
Cristiana Amza,oAWcfLAAAAAJ
Crystal Hepp,sZUrRioAAAAJ
Cyrus Shahabi,jEdhxGMAAAAJ
Daisuke Kihara,WfGLzyAAAAAJ
Damian Dechev,qv9FTaIAAAAJ
Dan Boneh,MwLqCs4AAAAJ
Dan Cosley,_KNDS-kZ-nIJ
Dan Goldwasser,u8358QgAAAAJ
Dan Grossman,t9wtobkAAAAJ
Dan Halperin,C6k0OjMAAAAJ
Dan Klein,ruWqA6sAAAAJ
Dan Roth,WHOHV3AAAAAJ
Dan Rubenstein,FM3vRPgAAAAJ
Dan Suciu,SIxd6jgAAAAJ
Dan Witzner Hansen,B8A43fgAAAAJ
Dana Moshkovitz,r6ifxUIAAAAJ
Dana Randall,6wCEmNYAAAAJ
Dana S. Scott,EsIyIQsAAAAJ
Danai Koutra,bDrA1-8AAAAJ
Dani Lischinski,haahCZ4AAAAJ
Daniel Abadi,zxeEF2gAAAAJ
Daniel Barbará,wtZwMSgAAAAJ
Daniel D. Lee,-oS9Tm8AAAAJ
Daniel G. Aliaga,Bj5YOnYAAAAJ
Daniel Gillis,mcKPf6gAAAAJ
Daniel J. Abadi,zxeEF2gAAAAJ
Daniel J. Hsu,jj0Evx0AAAAJ
Daniel Jurafsky,uZg9l58AAAAJ
Daniel Kröning,DHddutUAAAAJ
Daniel Romero,c4M3MQoAAAAJ
Daniel S. Wallach,oM25EQkAAAAJ
Daniel Sheldon,P1bHFuoAAAAJ
Daniel Sánchez,gzIKHjIAAAAJ
Daniel Wigdor,x3hvdTsAAAAJ
Daniela Rus,910z20QAAAAJ
Daniele Micciancio,8rjreLIAAAAJ
Daniele Panozzo,XUp6qhMAAAAJ
Dariusz Biernacki,7lCF6cYAAAAJ
Darko Marinov,x6OIBq4AAAAJ
Dave Levin,fQuB-q0AAAAJ
David A. Bader,uXUA1pgAAAAJ
David Aspinall,_pT1xEwAAAAJ
David Bainbridge,GyFPdFoAAAAJ
David Bamman,RkA1y54AAAAJ
David Bindel,04TuVhEAAAAJ
David Blaauw,P3JdmqAAAAAJ
David D. Jensen,cjkgjggAAAAJ
David E. Keyes,Ps73fz8AAAAJ
David G. Andersen,wUArfPgAAAAJ
David Garlan,p6HgUFEAAAAJ
David H. Ackley,Sx9dTQoAAAAJ
David Held,0QtU-NsAAAAJ
David I. August,Wov5tYoAAAAJ
David I. W. Levin,UokN-dcAAAAJ
David J. Hawkes,O42T24CT_GwC
David Kempe,jUNqQpgAAAAJ
David L. Dill,qHkTTf4AAAAJ
David Mimno,uBFV6SUAAAAJ
David P. Williamson,pOd2M64AAAAJ
David Page,aNh0te8AAAAJ
David Pointcheval,GzBaxPMAAAAJ
David Poole,CeWswygAAAAJ
David Shmoys,rD8a4hQAAAAJ
David Sontag,LfcroyAAAAAJ
David Van Horn,9ZM8OlMAAAAJ
David W. Jacobs,WH2KmRgAAAAJ
David Wagner,67kghxAAAAAJ
David Walker,W-IMms4AAAAJ
David Wentzlaff,82FA9YIAAAAJ
David Wingate,W9uPOIQAAAAJ
David Wishart,-JSn-WgAAAAJ
David Zuckerman,MCe-I6wAAAAJ
Davide Martinenghi,E0QQoIMAAAAJ
Davood Rafiei,lNxSDIwAAAAJ
DeLiang Wang,yO59sggAAAAJ
Debarka Sengupta,b-57qe4AAAAJ
Deborah Estrin,3_WYcR4AAAAJ
Deborah Stacey,QdZ3KlAAAAAJ
Deepak Ganesan,cbTB5-EAAAAJ
Deepak Kapur,U6XKBVIAAAAJ
Deian Stefan,qTVj7nwAAAAJ
Demetri Terzopoulos,pKuBFaQAAAAJ
Deming Chen,A_A_LrsAAAAJ
Derek Hoiem,HoQtR3cAAAAJ
Devavrat Shah,3qPiYJoAAAAJ
Devi Parikh,ijpYJQwAAAAJ
Devika Subramanian,7eC3KMkAAAAJ
Dexter Kozen,LV1qWjgAAAAJ
Dhabaleswar K. Panda,7FXtL98AAAAJ
Diego Fernández Slezak,nvVcDr4AAAAJ
Dieter Fox,DqXsbPAAAAAJ
Dilip P. Patil,TpFaZPcAAAAJ
Dilma Da Silva,b32YyLIAAAAJ
Dina Katabi,nst5fHgAAAAJ
Ding Ye,FE3a7SUAAAAJ
Dinghao Wu,Vxaxv10AAAAJ
Dirk Englund,ZFpENKoAAAAJ
Dmitry Goldgof,yQS_n0gAAAAJ
Dmitry Ponomarev,zr9OzAUAAAAJ
Don Towsley,KIFPVWoAAAAJ
Donald E. Porter,jVOPqi0AAAAJ
Donald Perlis,v2X9gX8AAAAJ
Donald Sheehy,A5D1DF4AAAAJ
Donatello Conte,dAKCYJgAAAAJ
Dongyan Zhao,QdZjCjkAAAAJ
Dorit Aharonov,hTBcSYQAAAAJ
Doug Downey,NpvcLukAAAAJ
Doug L. James,77JHlSkAAAAJ
Douglas Comer,b2f-PjYAAAAJ
Duen Horng Chau,YON32W4AAAAJ
Dylan Shell,Qt-JcygAAAAJ
E. C. Xavier,Feq1wmgAAAAJ
Edouard Bugnion,8ztj2yEAAAAJ
Edward A. Lee,IJgXsgwAAAAJ
Edwin Olson,GwtVjKYAAAAJ
Eelke Folmer,1QermAgAAAAJ
Eftychios Sifakis,swFWoHwAAAAJ
Ehud Sharlin,eAFxlZIAAAAJ
Eitan Grinspun,0_vvBZkAAAAJ
Elad Hazan,LnhCGNMAAAAJ
Elaine Shi,rejzeocAAAAJ
Elchanan Mossel,5t2myD8AAAAJ
Eleazar Eskin,VBXG4CwAAAAJ
Elena Grigorescu,Gkc2UeUAAAAJ
Eleni Stroulia,TyM1dLwAAAAJ
Eli Gafni,pX-NLrYAAAAJ
Eli Yablonovitch,4wqIUjMAAAAJ
Elias Bareinboim,r5U-D7YAAAAJ
Elisa Bertino,EfuT9RoAAAAJ
Ellen Yi-Luen Do,qDepoRUAAAAJ
Emad Shihab,kF76KPAAAAAJ
Emanuele Della Valle,56lK2dUAAAAJ
Emery D. Berger,RaHaArkAAAAJ
Emilie Morvant,4dzYdBsAAAAJ
Emily Mower Provost,2pH8BZwAAAAJ
Emin Gün Sirer,DaDmjMMAAAAJ
Emina Torlak,rFpexEAAAAAJ
Emma Brunskill,HaN8b2YAAAAJ
Emma Frejinger,PBOoXfwAAAAJ
Emmett Witchel,k4oSgRkAAAAJ
Emo Todorov,QCBdB7AAAAAJ
Eng Siong Chng,FJodrCcAAAAJ
Eran Halperin,bpDPt1QAAAAJ
Eric Gilbert,71OktocAAAAJ
Eric Nyberg,G6XN5cRm0FIJ
Eric Paulos,K__JmtcAAAAJ
Eric Price,UiKzYNMAAAAJ
Eric Roberts,BgLKWLUAAAAJ
Erich Grädel,4TbxnY0AAAAJ
Erich P. Ippen,5RfBYzcAAAAJ
Erik Stolterman,iotMZFMAAAAJ
Ethan Katz-Bassett,CknstQwAAAAJ
Etienne Vouga,Pm23sq4AAAAJ
Eugene Agichtein,3BX3vWcAAAAJ
Eugene H. Spafford,MkC5kHcAAAAJ
Eugene Wu,X53rkecAAAAJ
Eva Darulova,GrC1RcEAAAAJ
Eva M. Navarro-Lopez,1IDSDUwAAAAJ
Evan Barba,mecUsgMAAAAJ
Evangelos Kalogerakis,8TwcVQcAAAAJ
Fabio Gadducci,ugYkdyYAAAAJ
Fadel Adib,OxKLBqwAAAAJ
Fahrad Arbab,GTW3mJ4AAAAJ
Fan Cheng,aECSCPUAAAAJ
Fei Fang,VdZQ1EgAAAAJ
Fei-Fei Li,rDfyQnIAAAAJ
Feng Luo,joROlFwAAAAJ
Fiacre Rougieux,PiMu2wkAAAAJ
Flávio Keidi Miyazawa,YV0kVoIAAAAJ
Francois Berenger,YnLcI2gAAAAJ
Frank Maurer,KA76kpYAAAAJ
Frank Pfenning,ghWKWBUAAAAJ
Frank Wang,7kY-804AAAAJ
Franziska Roesner,q5GIWC0AAAAJ
François Guimbretière,PxZT1sgAAAAJ
François Jacquenet,HPhooYQAAAAJ
Frédo Durand,NJ9c4ygAAAAJ
Fuchun Sun,DbviELoAAAAJ
Furong Huang,mRI6AogAAAAJ
Gabriele Keller,XdLrDAYAAAAJ
Gagan Agrawal,kOUPR1sAAAAJ
Garrison W. Cottrell,5Aut7EEAAAAJ
Garth A. Gibson,WYctQAQAAAAJ
Gautam Biswas,-m5wrTkAAAAJ
Georg Lausen,wzKbqkcAAAAJ
Georg Seelig,Nf4G12YAAAAJ
George J. Pappas,Kia-4B0AAAAJ
George Karypis,ElqwScwAAAAJ
George Porter,aWQabOQAAAAJ
George Varghese,rnR3JrYAAAAJ
George Wolberg,KyXgRdQAAAAJ
George Xylomenos,f7tP8gcAAAAJ
Gerald Weber,mBgJMaUAAAAJ
Gerome Miklau,mlafJ6wAAAAJ
Ghita Kouadri Mostéfaoui,mjvM1qMAAAAJ
Gholamreza Anbarjafari,6gN67JAAAAAJ
Giacomo Verticale,FVl1fRUAAAAJ
Gilles Geeraerts,_v-lho8AAAAJ
Gillian Dobbie,v19BUHIAAAAJ
Giuseppe Cattaneo,PKs7M0gAAAAJ
Giuseppe Pozzi,J50uueMAAAAJ
Glenn Reinman,59zyQMYAAAAJ
Gonçalo Tavares,mRRctaMAAAAJ
Gordon V. Cormack,wFuZKaUAAAAJ
Govindarajulu Regeti,TvcR9REAAAAJ
Grace Wahba,2lPABNoAAAAJ
Graham Neubig,wlosgkoAAAAJ
Grant Schoenebeck,m4zCAPoAAAAJ
Greg Durrett,EpQ_sDEAAAAJ
Greg Turk,Q_4d9N0AAAAJ
Gregor Richards,lfEujmIAAAAJ
Gregory D. Abowd,gb8sbdcAAAAJ
Gregory Valiant,CgItEbQAAAAJ
Grigore Rosu,yxpqbdQAAAAJ
Guanghui Wang,i3-AnE0AAAAJ
Gudmund Skovbjerg Frandsen,bHvSLToAAAAJ
Guofei Gu,SRC3O-4AAAAJ
Gurminder Singh,VP5CMagAAAAJ
Guy-Vincent Jourdan,r3ZtMxcAAAAJ
H. Sebastian Seung,BD8llAEAAAAJ
H. V. Jagadish,SKVnHakAAAAJ
Hadas Kress-Gazit,duOys3YAAAAJ
Hadi Esmaeilzadeh,LnB5_AcAAAAJ
Haesun Park,G6kA1CMAAAAJ
Hailong Yao,n0NwuegAAAAJ
Haim Kaplan,0hb9cdIAAAAJ
Haipeng Luo,ct2hw4UAAAAJ
Haitham Hassanieh,s5-hnX8AAAAJ
Haizhou Ai,hhV6J6UAAAAJ
Hakim Weatherspoon,0zrqo3B-66wC
Hal Daumé III,PbEw81gAAAAJ
Hanghang Tong,RaINcuUAAAAJ
Hao Li,pPutNUwAAAAJ
Hari Balakrishnan,Qf4bw4UAAAAJ
Harry Wechsler,mB_85m0AAAAJ
Hartmut Geyer,aC5315UAAAAJ
Hatice Gunes,2WkE1wYAAAAJ
Haym Hirsh,lB6jgT4AAAAJ
Hector Garcia-Molina,bAa___kAAAAJ
Hemanta K. Maji,sCL2jBcAAAAJ
Heng Ji,z7GCqT4AAAAJ
Henrik Christensen,MA8rI0MAAAAJ
Henrik Wann Jensen,vthMwawAAAAJ
Henry Fuchs,guhwcP8AAAAJ
Himanshu Gupta,3a-0dbMAAAAJ
Hing Leung,LunDJDMAAAAJ
Hong An,tEcLDxAAAAAJ
Hongfeng Yu,yeWsFW4AAAAJ
Honglak Lee,fmSHtE8AAAAJ
Hongyuan Zha,tqEWl8gAAAAJ
Hongzi Zhu,HkaEi3MAAAAJ
Hovav Shacham,E0NwK2AAAAAJ
Howie Choset,4fvo61oAAAAJ
Hridesh Rajan,aiFvpucAAAAJ
Huan Liu,Dzf46C8AAAAJ
Hui Wu,61DNIX0AAAAJ
Huijuan Wang,d8o43k0AAAAJ
Hussein T. Mouftah,33FmwbwAAAAJ
Huy L. Nguyen,MDCu0WEAAAAJ
Hwanjo Yu,LbrCa7EAAAAJ
Hyesoon Kim,7OvZhQIAAAAJ
Hyun Seung Yang,0cTDXWcAAAAJ
Héctor Corrada Bravo,QEVXP-kAAAAJ
I-Ting Angelina Lee,WRlzk3UAAAAJ
Ian Davidson,t3TMtqEAAAAJ
Ian G. Harris,NpcLBDsAAAAJ
Ian Utting,j32IMCEAAAAJ
Igor L. Markov,CHIZtZAAAAAJ
Igor Mordatch,Vzr1RukAAAAJ
Ilan Reuven Cohen,lYCzcUIAAAAJ
Ilias Diakonikolas,Vb3FLmkAAAAJ
Immanuel Trummer,FJ7im7AAAAAJ
Inderjit S. Dhillon,xBv5ZfkAAAAJ
Indranil Gupta,Waaj7a8AAAAJ
Insup Lee,kBGGEjUAAAAJ
Ioannis Gkioulekas,yqt5PeEAAAAJ
Ioannis Stamos,ENLTjooAAAAJ
Ion Stoica,vN-is70AAAAJ
Ira Kemelmacher-Shlizerman,P97vI1EAAAAJ
Irena Koprinska,hUkXZXQAAAAJ
Isil Dillig,Wlq5rZEAAAAJ
Itamar Arel,wivIgKkAAAAJ
Itsik Pe'er,l3KIq-MAAAAJ
Iulian Neamtiu,8qU-5YMAAAAJ
Iyad Ouaiss,Bs47qDUAAAAJ
J. Alex Halderman,h6yXnyEAAAAJ
J. Andrew Bagnell,7t4jbPQAAAAJ
J. Gregory Morrisett,Dswus94AAAAJ
Jack Mostow,P0Mv6pIAAAAJ
Jack Poulson,-v12V0gAAAAJ
Jacob Eisenstein,Wb_lnjAAAAAJ
Jacob Sorber,yXqu6esAAAAJ
Jae S. Lim,ClH0XTsAAAAJ
Jakob Grue Simonsen,JFhAzosAAAAJ
Jakub Kowalski,31AWuosAAAAJ
Jakub Radoszewski,U-0-OtsAAAAJ
James Allan,FxPzh9kAAAAJ
James Aspnes,1HYDaVIAAAAJ
James Bret Michael,JYxa6eYAAAAJ
James C. Browne,GOW2IwwAAAAJ
James C. Hoe,ZnRhcFUAAAAJ
James Cremer,At2chacAAAAJ
James D. Hollan,LOFYnLkAAAAJ
James F. Kurose,ogj8ppAAAAAJ
James Fogarty,hma0WFAAAAAJ
James H. Cross,qOHTo_oAAAAJ
James H. Morris,Y9cRdbIAAAAJ
James Hays,vjZrDKQAAAAJ
James K. Baker,9Z2rJjYAAAAJ
James M. Rehg,8kA3eDwAAAAJ
James R. Lee,x7viPbgAAAAJ
James Vallino,DwWwHIMAAAAJ
James W. Hong,DSsLu64AAAAJ
Jan Carlo Barca,bZQ0r6YAAAAJ
Jan Hoffmann,gdWrCjEAAAAJ
Jan Otop,EueQHIgAAAAJ
Jane Cleland-Huang,IQ5XCgYAAAAJ
Janet Carter,cYFNmnIAAAAJ
Jarek Rossignac,Q3KRC5gAAAAJ
Jason Cong,UVGe0gQAAAAJ
Jason Ernst,XoMpU7gAAAAJ
Jason Flinn,YxGHbuMAAAAJ
Jason J. Corso,g9bV-_sAAAAJ
Jason Mars,Fn5PadcAAAAJ
Jason Nieh,UGrnqBUAAAAJ
Jaswinder Pal Singh,n5qO2U8AAAAJ
Jay Aslam,-spRnaQAAAAJ
Jayadev Acharya,70vJVxcAAAAJ
Jayanta Mukherjee,H3DMIEkAAAAJ
Jean Yang,RQGtMhoAAAAJ
Jean-Bernard Stefani,vTA9tNcAAAAJ
Jeff Erickson,uS9jHPkAAAAJ
Jeff Trinkle,Dl0vAp8AAAAJ
Jeffrey Bokor,ylSEuoIAAAAJ
Jeffrey Heer,vlgs4G4AAAAJ
Jeffrey Huang,MxkKh0cAAAAJ
Jeffrey Mark Siskind,CgSBtPYAAAAJ
Jeffrey S. Foster,QWPwfsgAAAAJ
Jennie Rogers,kVUa9ZoAAAAJ
Jennifer Mankoff,mhmvCgsAAAAJ
Jennifer Neville,6CTPn44AAAAJ
Jennifer Rexford,07ds-DAAAAAJ
Jennifer Widom,zdKmnYwAAAAJ
Jens Krinke,y8MpLZwAAAAJ
Jens Palsberg,Gx8Rpr4AAAAJ
Jernej Barbic,aP4IPIEAAAAJ
Jessica Hammer,vSvRUAkAAAAJ
Jia Rao,cLssJjcAAAAJ
Jian Peng,4wcAVXAAAAAJ
Jian Wu,s9EEgbUAAAAJ
Jiannan Wang,fKV65XQAAAAJ
Jianwen Su,JpC9bmEAAAAJ
Jianxin Li,DwKNhwwAAAAJ
Jie Wei,VOuKF7sAAAAJ
Jignesh M. Patel,5tcfuXMAAAAJ
Jim Carter,v_YyMagAAAAJ
Jin-Yi Cai,Yn-Lm_QAAAAJ
Jingsheng Jason Cong,UVGe0gQAAAAJ
Jinlei Jiang,Wx-JtQcAAAAJ
Jinyuan Sun,gqGfIIsAAAAJ
Jitendra Malik,oY9R5YQAAAAJ
Joanna McGrenere,ZRWlokAAAAAJ
Jodi Forlizzi,Hyhp_zUAAAAJ
Joe Konstan,PH4mytYAAAAJ
Joey Paquet,uzK_jQIAAAAJ
Johannes Fink,4Ot68t8AAAAJ
John A. Goldsmith,OGbi6t0AAAAJ
John C. Hart,MjmBY5AAAAAJ
John C. Mitchell,1_kJPIEAAAAJ
John F. Canny,LAv0HTEAAAAJ
John Hannan,HAfOGdsAAAAJ
John Knight,vIPVg1UAAAAJ
John Kubiatowicz,00M1AqQAAAAJ
John Lillis,3oyf5I4AAAAJ
John P. Dickerson,QgDpfCQAAAAJ
John P. Hayes,a-qMWpwAAAAJ
John R. Kender,RBuoCYEAAAAJ
John Zimmerman,A-4JUL4AAAAJ
Jon Froehlich,nExKrpsAAAAJ
Jon Sporring,COP1HUwAAAAJ
Jonathan Aldrich,AzHmOtcAAAAJ
Jonathan Berant,xCYHonIAAAAJ
Jonathan Katz,H4rKFc8AAAAJ
Jonathan Ragan-Kelley,nBcay4oAAAAJ
Jonathan Richard Shewchuk,R9ZW47sAAAAJ
Joost-Pieter Katoen,yjjO5_oAAAAJ
Jordi Domingo-Pascual,sPD_L5YAAAAJ
Jordi Torres,waODsw0AAAAJ
Jose M. Carmena,yTIIzd0AAAAJ
Jose T. de Sousa,ai6ekBAAAAAJ
Josep Torrellas,zdnAkgsAAAAJ
Joseph Gonzalez,gM2WW9UAAAAJ
Joseph J. Lim,jTnQTBoAAAAJ
Joseph Pasquale,8lkdGgsAAAAJ
Joshua R. Smith,DPxLTGgAAAAJ
José F. Martínez,f1CZknQAAAAJ
José Meseguer,KZFo7ZkAAAAJ
Joydeep Biswas,f28F1YUAAAAJ
Judea Pearl,bAipNH8AAAAJ
Judith Redi,Nzc0JZ8AAAAJ
Judy Bowen,XIaYOU8AAAAJ
Jue Xie,J8X_9JAAAAAJ
Julia Hirschberg,Qrd7FCoAAAAJ
Julia Hockenmaier,iIiVrrQAAAAJ
Julian J. McAuley,icbo4M0AAAAJ
Jun Huang,j2PH0Y0AAAAJ
Jun Xu,mHwonDEAAAAJ
Junehwa Song,CatfK3MAAAAJ
Junfeng Yang,KNaIT2kAAAAJ
Junfeng Zhao,eXcJWvoAAAAJ
Jure Leskovec,Q_kKkIUAAAAJ
Justin Solomon,pImSVwoAAAAJ
Justine Cassell,wkC9xHMAAAAJ
Justine Sherry,InPotdgAAAAJ
Jörg Denzinger,Mb2LCH8AAAAJ
Jürgen Giesl,dh9YNEoAAAAJ
K. Lakshmanan,K2Q4ZxkAAAAJ
K. S. Rajan,00_zU7QAAAAJ
K. Sreenivas Rao,TATEL2EAAAAJ
K. V. Rashmi,gUO59T8AAAAJ
K. V. Subrahmanyam,pxVeS_IAAAAJ
Kai Hwang,R7eCjGYAAAAJ
Kai Sun,O_2drywAAAAJ
Kai-Wei Chang,fqDBtzYAAAAJ
Kaleem Siddiqi,1jEAOVcAAAAJ
Kamalika Chaudhuri,I-DJ7EsAAAAJ
Kamesh Madduri,bYI7VMwAAAAJ
Kannan Ramchandran,DcV-5RAAAAAJ
Karl Crary,DTjqn9QAAAAJ
Karrie Karahalios,xyHrRFUAAAAJ
Karthik Sridharan,nX9D5AoAAAAJ
Karthikeyan Sankaralingam,O0W9jEQAAAAJ
Katerina Fragkiadaki,FWp7728AAAAJ
Katherine St. John,k_K-PFkAAAAJ
Kathi Fisler,ybnTsdMAAAAJ
Kathleen M. Carley,KeJfN-IAAAAJ
Kathleen McKeown,ujDhg2sAAAAJ
Kaushal K. Shukla,2kCEA2kAAAAJ
Kayvon Fatahalian,ZeG4wDgAAAAJ
Keenan Crane,Qs9FzFUAAAAJ
Keith Edwards,QYqwwwcAAAAJ
Keith Winstein,S5sz8gIAAAAJ
Ken Birman,I-rKkyEAAAAJ
Ken Perlin,TGRPKRIAAAAJ
Kenneth L. Calvert,-6v-CdkAAAAJ
Kenneth P. Birman,I-rKkyEAAAAJ
Kenneth Salem,t7z2V78AAAAJ
Kenny Wong,I__Yju4AAAAJ
Kerstin Eder,SyDaZIoAAAAJ
Kevin Chen-Chuan Chang,sugWZ6MAAAAJ
Kevin Fu,8uK6aCEAAAAJ
Kevin Liu,6xDUqM0AAAAJ
Kevin Schneider,XZvSaZYAAAAJ
Kevin Skadron,Q-As1CEAAAAJ
Kihong Park,3sh3er0AAAAJ
Kirstin Peterson,ESJILIEAAAAJ
Kostas Daniilidis,dGs2BcIAAAAJ
Kristen Grauman,Jp6Mz1sAAAAJ
Krzysztof Czarnecki,ZzCpumQAAAAJ
Kunle Olukotun,IzXDyR8AAAAJ
Kurt Keutzer,IzaagZkAAAAJ
Kwang-Ting Cheng,-SgpaF8AAAAJ
Kyle Jamieson,--nVNvIAAAAJ
Kyunghyuns Cho,0RAmmIAAAAAJ
Lance Fortnow,Yf5wVssAAAAJ
Larry L. Peterson,hmq4rGIAAAAJ
Larry Smarr,oZafLf4AAAAJ
Lars Ruthotto,EaBF6r0AAAAJ
Lata Narayanan,sY3us-kAAAAJ
Laura A. Dabbish,DdNAgNwAAAAJ
Laura Waller,aPxDp7wAAAAJ
Lauren Wilcox,Y2HTFXAAAAAJ
Laurent El Ghaoui,3XLQbL8AAAAJ
Laurent Itti,xhUvqK8AAAAJ
Lav R. Varshney,JIJGu30AAAAJ
Lavika Goel,S9hsnNoAAAAJ
Lawrence K. Saul,Hft_8cgAAAAJ
Le Song,Xl4E0CsAAAAJ
Leana Golubchik,2gpXz3IAAAAJ
Lee A. D. Cooper,vEUDBkYAAAAJ
Leilah Lyons,GRlw3rcAAAAJ
Leonard McMillan,z6cJOmMAAAAJ
Leonard Pitt,GdYYuwoAAAAJ
Leonid Gurvits,aBofVRoAAAAJ
Li-San Wang,ncxi_G4AAAAJ
Liang Huang,oVsyBMUAAAAJ
Lili Qiu,16posrQAAAAJ
Lillian Lee,oJESe-cAAAAJ
Ling Feng,sFFYgzkAAAAJ
Lingjia Liu,_d2M0xMAAAAJ
Lingjia Tang,hc9PP9gAAAAJ
Linh Thi Xuan Phan,ojH7GEgAAAAJ
Lior Pachter,DKfEcuEAAAAJ
Liqing Zhang,1smFmxAAAAAJ
Lixia Zhang,CZyWk8kAAAAJ
Llorenç Cerdà-Alabern,LwfxWokAAAAJ
Lorenz Hilty,nRTZV54AAAAJ
Lorenzo Alvisi,K_-KJi8AAAAJ
Lorenzo Clemente,N5a0IB8AAAAJ
Loris D'Antoni,ao8EeJ8AAAAJ
Lorrie Faith Cranor,kIUqgbcAAAAJ
Louis-Philippe Morency,APgaFK0AAAAJ
Lourdes Agapito,IRMX4-4AAAAJ
Luay Nakhleh,46HLWf8AAAAJ
Luca Daniel,JtPNrS8AAAAJ
Lui Sha,SlXqNooAAAAJ
Luis Ceze,KzESVKwAAAAJ
Luis Gravano,Ff6era8AAAAJ
Lujo Bauer,5cJzDZEAAAAJ
Luo Si,eGjACTQAAAAJ
Madhur Behl,bj_imaYAAAAJ
Magdalena Balazinska,DDxFvcIAAAAJ
Magy Seif El-Nasr,SwzKJ0kAAAAJ
Mahadev Satyanarayanan,0y6JDD4AAAAJ
Mahesh K. Marina,VJLdaGgAAAAJ
Mahesh Viswanathan,nztNRM0AAAAJ
Mahmoud Rasras,O4yH6_cAAAAJ
Maja J. Mataric,o5YQMkMAAAAJ
Majid Sarrafzadeh,LYt_4uIAAAAJ
Malte F. Jung,pfBh4zEAAAAJ
Malte Jung,pfBh4zEAAAAJ
Maneesh Agrawala,YPzKczYAAAAJ
Mani Golparvar Fard,js1mtE4AAAAJ
Manolis Kellis,lsYXBx8AAAAJ
Manos Kapritsos,65VCOs0AAAAJ
Mansour Jamzad,oKz2WAkAAAAJ
Manu Awasthi,AaMBbMMAAAAJ
Manuel Blum,7S-LSKoAAAAJ
Marc Niethammer,KqtBi6MAAAAJ
Marc Pollefeys,YYH0BjEAAAAJ
Marc Snir,HaI6LesAAAAJ
Marco Caccamo,Jbo1MqwAAAAJ
Marco Domenico Santambrogio,Dr2SsKIAAAAJ
Marco Serafini,IJECSdkAAAAJ
Marco Servetto,X7AUaVIAAAAJ
Margaret J. Eppstein,zn9IWtQAAAAJ
Margaret Martonosi,tgYsFS0AAAAJ
Maria-Florina Balcan,LWlN_BUAAAAJ
Marie desJardins,UYLIgHAAAAAJ
Marine Carpuat,EAQfVXgAAAAJ
Mario Gerla,mO3xwbwAAAAJ
Maristella Matera,NScXYC0AAAAJ
Mark Batty,MnDiDMcAAAAJ
Mark Craven,6VuiGBQAAAAJ
Mark D. Hill,7lVfIWYAAAAJ
Mark D. M. Leiserson,fq0DzqoAAAAJ
Mark Guzdial,iQV2L2IAAAAJ
Mark Hasegawa-Johnson,18O0OAwAAAAJ
Mark Horowitz,e7V7-gEAAAAJ
Mark Liberman,R--JjPoAAAAJ
Mark Oskin,gHfzsl4AAAAJ
Martha E. Pollack,5oU0wxcAAAAJ
Marti A. Hearst,Yy6xbCYAAAAJ
Martial Hebert,0ytii2EAAAAJ
Martin D. F. Wong,WPhoQiUAAAAJ
Martin Fürer,Pf49QrwAAAAJ
Martin Rinard,hxlxVEUAAAAJ
Martin Strauss,FTv-o-UAAAAJ
Mary Shaw,CTXoO1AAAAAJ
Massimiliano de Leoni,OejM6_AAAAAJ
Matei Zaharia,I1EvjZsAAAAJ
Mathias Payer,9cFCY5wAAAAJ
Matt Fredrikson,tMYCvLAAAAAJ
Matthew Caesar,HHn7118AAAAJ
Matthew R. Guthaus,irzOIvoAAAAJ
Matthew T. Mason,D_JpQnAAAAAJ
Matthew Walter,h5LAOvEAAAAJ
Matthias Jarke,JbioEFgAAAAJ
Maunendra Sankar Desarkar,W8LJ-tEAAAAJ
Max M. Shulaker,ac1SojMAAAAJ
Maya Cakmak,sPlonWcAAAAJ
Mayank Goel,32eGduMAAAAJ
Mehran Sahami,ZasL8IoAAAAJ
Meihui Zhang,DuLgpaQAAAAJ
Melody Moore Jackson,83SAwBsAAAAJ
Micah Beck,oAMW4OEAAAAJ
Michael Brand,0tVnI8QAAAAJ
Michael Carbin,mtejbKYAAAAJ
Michael Collins,DxoenfgAAAAJ
Michael D. Ernst,oQ6AeyEAAAAJ
Michael D. Jones,OLUt0kgAAAAJ
Michael Fisher,hsxQxqEAAAAJ
Michael Franz,k93O1BQAAAAJ
Michael Gleicher,kDkH9UkAAAAJ
Michael Gribskov,KRZoh34AAAAJ
Michael Homer,ss2RKjoAAAAJ
Michael I. Jordan,yxUduqMAAAAJ
Michael J. C. Gordon,ED-qvWkAAAAJ
Michael J. Fischer,mnq4vRgAAAAJ
Michael J. Freedman,BFE6IQwAAAAJ
Michael J. Lewis,TbNp9c4AAAAJ
Michael J. Paul,_pRB0HIAAAAJ
Michael J. Watts,tlFJkmYAAAAJ
Michael Kampouridis,dJUJ8BwAAAAJ
Michael Kazhdan,soUq_eQAAAAJ
Michael Kearns,8iQk0DIAAAAJ
Michael Lustig,EWY1qlkAAAAJ
Michael M. Kazhdan,soUq_eQAAAAJ
Michael R. Lyu,uQnBgK0AAAAJ
Michael Radermacher,e_bBQ_8AAAAJ
Michael Rubenstein,uMF2xCoAAAAJ
Michael S. Bernstein,zkhHirIAAAAJ
Michael Schatz,rcs6IKwAAAAJ
Michael W. Hicks,I9Vzs-4AAAAJ
Michael Zink,iVck6WIAAAAJ
Michal Young,7LTGov4AAAAJ
Michel M. Maharbiz,DJEiH1IAAAAJ
Michele Benzi,SiPqtAEAAAAJ
Michelle Borkin,m9F7mIgAAAAJ
Michelle L. Mazurek,5ExRjncAAAAJ
Mihai Pop,4glkLD0AAAAJ
Mihalis Yannakakis,_pPy-pAAAAAJ
Mihir Bellare,2pW1g5IAAAAJ
Mikolaj Bojanczyk,Rv0YwPAAAAAJ
Mikolás Janota,SFg4raQAAAAJ
Miles Efron,onFS1L0AAAAJ
Milind Tambe,YOVZiJkAAAAJ
Milos D. Ercegovac,92mdADUAAAAJ
Milos Ercegovac,92mdADUAAAAJ
Milos Hauskrecht,ylK19VUAAAAJ
Milos Prvulovic,A_j_baAAAAAJ
Ming Ouhyoung,UmUdIEgAAAAJ
Ming Yin,bgTGjecAAAAJ
Mingyan Liu,WiIM-MgAAAAJ
Minseok Kwon,d0SpJbIAAAAJ
Minyi Guo,8R8FO9IAAAAJ
Miriah D. Meyer,Yk5RpxoAAAAJ
Miron Livny,nFdbcvsAAAAJ
Miryung Kim,a_50FBsAAAAJ
Mitchell Marcus,niE2OkIAAAAJ
Mo Li,U77AEBsAAAAJ
Mo Zareei,Hb-pljwAAAAJ
Mohamed F. Younis,Q4MvxMIAAAAJ
Mohamed G. Gouda,GSYS01oAAAAJ
Mohammad Alizadeh,6_cxCKQAAAAJ
Mohammad Sadoghi,Lx9fbJoAAAAJ
Mohammad Taghi Hajiaghayi,SQ1eGN4AAAAJ
Mohammed (Ehsan) Hoque,ZJrR0KQAAAAJ
Mohammed Almeer,NBENQG8AAAAJ
Mohit Iyyer,rBVA5tcAAAAJ
Mona Singh,JpAehzgAAAAJ
Mor Harchol-Balter,Ooc7UNUAAAAJ
Mor Naaman,IeqjwlIAAAAJ
Moritz Hardt,adnTgaAAAAAJ
Morris Sloman,ey299DUAAAAJ
Morteza Amini,Rsmx5DYAAAAJ
Morteza Dehghani,my6AUyAAAAAJ
Moses Charikar,zX3ba1kAAAAJ
Mosharaf Chowdhury,Dzh5C9EAAAAJ
Moshe Y. Vardi,DQaARsgAAAAJ
Moumita Patra,BIGZy7sAAAAJ
Mousa Al-Akhras,KtHYblAAAAAJ
Muhammad Naveed,nBUl6TEAAAAJ
Mukul Bansal,XCa-z_QAAAAJ
Munindar P. Singh,qNznu3kAAAAJ
Murali Annavaram,NAntFXIAAAAJ
Murali Sitaraman,kLWmLJwAAAAJ
Murat Arcak,rtmW640AAAAJ
Mustaque Ahamad,xkCYK58AAAAJ
My T. Thai,zLLJimcAAAAJ
Na Liu,AIUvwAoAAAAJ
Nadarajah Mithulananthan,0edDWSQAAAAJ
Nadia Heninger,okx33sUAAAAJ
Nadia Polikarpova,CxzUX0EAAAAJ
Nadine Akkari,GOL8WHoAAAAJ
Nam Sung Kim,iccBxJIAAAAJ
Nancy A. Day,5iYmSzcAAAAJ
Naoki Kobayashi,bhZQ7FEAAAAJ
Naoki Yoshinaga,exgkDkcAAAAJ
Nasir Memon,Pz0YttAAAAAJ
Nate Foster,AH5j40kAAAAJ
Nathan Beckmann,zkdjit0AAAAJ
Nathaniel D. Daw,BxlScrEAAAAJ
Naveen Sharma,91QFhTMAAAAJ
Neeraj Mittal,V9MH9v8AAAAJ
Neil Bergmann,M7kg0MQAAAAJ
Neil Bruce,UA7xfZIAAAAJ
Neil Immerman,DbZWZr8AAAAJ
Neil Spring,FUWxMaQAAAAJ
Neil W. Bergmann,M7kg0MQAAAAJ
Neill D. F. Campbell,dRC_mIAAAAAJ
Nematollaah Shiri,_Pj5xqQAAAAJ
Nenad Medvidovic,kqW_-2gAAAAJ
Neri Merhav,5CCpiAYAAAAJ
Ngai-Man Cheung,vJQArFkAAAAJ
Nick Feamster,xYfYnG4AAAAJ
Nick McKeown,SqMUez0AAAAJ
Nicola Dell,Gb5dtYwAAAAJ
Nicolai Vorobjov,xydcz6MAAAAJ
Nicolas Markey,wWzobj4AAAAJ
Nicolás D'Ippolito,zVAhnsUAAAAJ
Nihar B. Shah,BF39lMQAAAAJ
Nikita Borisov,MnsxqAcAAAAJ
Niloy Ganguly,hCbFmUUAAAAJ
Nils Thuerey,GEehwv8AAAAJ
Nir Yosef,eQ8KEHoAAAAJ
Niraj K. Jha,qNMrc7IAAAAJ
Nitin Auluck,pFiwhAIAAAAJ
Noa Agmon,arDFD58AAAAJ
Noam Nisan,zXQZPnMAAAAJ
Nora Ayanian,ke2MEF0AAAAJ
Norman Makoto Su,eqs6v1wAAAAJ
Nuno Roma,iDxEJwIAAAAJ
Oded Schwartz,uwrwLJcAAAAJ
Odelia Schwartz,3prQpXgAAAAJ
Odest Chadwicke Jenkins,dp5LnVAAAAAJ
Ole Caprani,r1ysNr0AAAAJ
Olgica Milenkovic,G4LSqL8AAAAJ
Olivier Tremblay-Savard,UAzcju4AAAAJ
Omer Reingold,TD9RhcgAAAAJ
Omkant Pandey,Av4MFGAAAAAJ
Osman Balci,9oGtCHQAAAAJ
Othon Michail,GqUUp1IAAAAJ
Otmar Hilliges,-epU9OsAAAAJ
Ouri Wolfson,zGSP_osAAAAJ
Oussama Khatib,4arkOLcAAAAJ
Owen Gottlieb,y3AFsFYAAAAJ
P. Madhusudan,HES-DmgAAAAJ
P. Sateesh Kumar,jc0x_v8AAAAJ
P. Sreenivasa Kumar,QcONIzUAAAAJ
Pablo A. Parrilo,s_IPfEYAAAAJ
Pablo de Cristóforis,v0TPxugAAAAJ
Pallab Dasgupta,Pw4jS9sAAAAJ
Panagiotis Stamatopoulos,SZ4kZr0AAAAJ
Panos Rondogiannis,a6x5amYAAAAJ
Paolo Ienne,oB0wsDcAAAAJ
Paraschos Koutris,CaO1wNAAAAAJ
Pari Delir Haghighi,zvNKqskAAAAJ
Parinya Chalermsook,Cw6NQasAAAAJ
Paris Smaragdis,AYpm7KcAAAAJ
Parisa Kordjamshidi,Ugo3NGgAAAAJ
Partha Pratim Das,UVYRNncAAAAJ
Parvin Mousavi,v3_yocgAAAAJ
Pascal Poupart,KhAJWroAAAAJ
Pasquale Foggia,P9eeLD8AAAAJ
Pat Hanrahan,RzEnQmgAAAAJ
Patrice Koehl,NRAo--UAAAAJ
Patricia J. Riddle,rih68CwAAAAJ
Patricio V. Poblete,AZuHYCQAAAAJ
Patrick Crowley,n6wC7nwAAAAJ
Patrick Jaillet,ND0FM6EAAAAJ
Patrick Martin,KgIpvIsAAAAJ
Patrick van der Smagt,5ybzvbsAAAAJ
Paul Barford,4uypulQAAAAJ
Paul Beame,plYoF-MAAAAJ
Paul D. Seymour,n3ZjGPsAAAAJ
Paul Pounds,b3cGSpgAAAAJ
Paul Teal,wS0ittUAAAAJ
Paulo Alexandre Crisóstomo Lopes,mAUdr6cAAAAJ
Paulo Ferreira,Z0PknWEAAAAJ
Paulo Veríssimo,aMHx8aUAAAAJ
Pavol Federl,euyKfgUAAAAJ
Pawan Goyal,F14FHsIAAAAJ
Pedro M. Domingos,InHFk68AAAAJ
Percy Liang,pouyVyUAAAAJ
Perdita Stevens,KdBhbbYAAAAJ
Peter Bailis,qG1LVpQAAAAJ
Peter C. Rigby,lGVxz58AAAAJ
Peter J. Haas,PeCI8KcAAAAJ
Peter J. Ramadge,BOMboVoAAAAJ
Peter King,jENQurUAAAAJ
Peter L. Bartlett,UPVvV6kAAAAJ
Peter M. Chen,dVZNQqUAAAAJ
Peter Stone,qnwjcfAAAAAJ
Peter Szolovits,1LuGqFQAAAAJ
Petri Vuorimaa,Bcg93pAAAAAJ
Petros Drineas,Yw2PquQAAAAJ
Philip Levis,I_YsXU4AAAAJ
Philip Resnik,71BFWc0AAAAJ
Philip S. Thomas,kkqXAnUAAAAJ
Philip Terrill,4Cbu13gAAAAJ
Philipp Krähenbühl,dzOd2hgAAAAJ
Phillipa Gill,1Y7IX2AAAAAJ
Pierre L'Ecuyer,gDxovowAAAAJ
Pieter Abbeel,vtwH6GkAAAAJ
Pinaki Mazumder,8knozEkAAAAJ
Ping Tan,konovGYAAAAJ
Piotr Indyk,oOwNKsAAAAAJ
Pradeep K. Khosla,HtgKHRIAAAAJ
Pradeep Ravikumar,Q4DTPw4AAAAJ
Pradip K. Das,zNNnCEUAAAAJ
Pralay Mitra,LPzuRBUAAAAJ
Prasad Raghavendra,t5KSayQAAAAJ
Prashant Doshi,3PkyzawAAAAJ
Prateek Mittal,xTKD8J4AAAAJ
Pushpendra Singh,qkSEUCMAAAAJ
Qi Wei,6otVU08AAAAJ
Qiaozhu Mei,zr22WkQAAAAJ
Qing Gu,4X1iP8IAAAAJ
Qing Wang,_Wic_cIAAAAJ
Qiong Luo,SqAsppUAAAAJ
R. Chandrasekaran,zZhCPGkAAAAJ
R. Michael Young,HLz6zx4AAAAJ
R. Ryan Williams,Wp38QQYAAAAJ
Rachel Greenstadt,FsbND-sAAAAJ
Rachit Agarwal,0YTyPHoAAAAJ
Rada Chirkova,Jh3QCRYAAAAJ
Rada Mihalcea,UetM7FgAAAAJ
Radu Marculescu,ZCmYP5cAAAAJ
Rafael Bidarra,hALzOP0AAAAJ
Rafail Ostrovsky,UvFrX04AAAAJ
Raghav Sampangi,x_Cy69EAAAAJ
Ragunathan Rajkumar,6JU9KqgAAAAJ
Rahul C. Basole,MKSxZp4AAAAJ
Rahul Mangharam,b9WsJN4AAAAJ
Rahul Sarpeshkar,1UbzzQcAAAAJ
Raj Jain,runT3RsAAAAJ
Raj Reddy,6n7rzokAAAAJ
Rajat Mittal,gK5DF9QAAAAJ
Rajeev Alur,kWnv_YkAAAAJ
Rajesh P. N. Rao,02nHF0gAAAAJ
Rajkumar Buyya,7xN6JqYAAAAJ
Raju S. Bapi,bbSYyiAAAAAJ
Raluca A. Popa,NvKHgzkAAAAJ
Ramani Duraiswami,BVXyodYAAAAJ
Ramesh Govindan,ZTkRs84AAAAJ
Ramesh Jain,wOYUPpwAAAAJ
Ramesh Karri,o60TaTEAAAAJ
Ramin Zabih,8Lp0W54AAAAJ
Ran Raz,vmHFZM0AAAAJ
Rance Cleaveland,EetL2HQAAAAJ
Randall Davis,-BQkMmoAAAAJ
Rasmus Pagh,VO4oS8UAAAAJ
Rastislav Bodík,YrihYtsAAAAJ
Ravi Prakash,MJyWxOYAAAAJ
Rebecca Willett,bGRVPl8AAAAJ
Reetuparna Das,h0gtwxIAAAAJ
Remo Rohs,lNFZCgwAAAAJ
Ren Ng,6H0mhLUAAAAJ
Renato Pajarola,O-Zn7k4AAAAJ
Rezaul Hasan,mDiFYcYAAAAJ
Richard Banach,l0KTTxcAAAAJ
Richard Brent,TRcAF4cAAAAJ
Richard D. Green,-aKVaw4AAAAJ
Richard E. Korf,LsuWoRoAAAAJ
Richard E. Ladner,hgOSI1EAAAAJ
Richard J. Anderson,uLsDDUMAAAAJ
Richard M. Stern,ffUu1PcAAAAJ
Richard Peng,-DBU1SMAAAAJ
Richard S. Bird,1vrc8EUAAAAJ
Richard Shillcock,oqirbaYAAAAJ
Rico Sennrich,XTpJvCgAAAAJ
Rida A. Bazzi,FrMOlk8AAAAJ
Rikky Muller,4bgii4oAAAAJ
Risi Kondor,v12-jLUAAAAJ
Risto Miikkulainen,2SmbjHAAAAAJ
Rob A. Rutenbar,avq8-1QAAAAJ
Rob Miller,1MK2_tMAAAAJ
Rob V. van Nieuwpoort,z7-NbJ0AAAAJ
Robert B. Stevenson,fv9jGnkAAAAJ
Robert D. Kleinberg,zkvW8FQAAAAJ
Robert D. Nowak,fn13u8IAAAAJ
Robert F. Murphy,qQLlBH4AAAAJ
Robert H. Deng,OPbZGPsAAAAJ
Robert Harper,zLfuPQcAAAAJ
Robert J. Brunner,tL8qoFQAAAAJ
Robert Kraut,HKGYvu4AAAAJ
Robert McCartney,UCqaj3gAAAAJ
Robert Morris,in6eBIwAAAAJ
Robert R. Kessler,j9XJD8QAAAAJ
Robert T. Collins,2Bc3UN4AAAAJ
Robi Malik,ZPixU7kAAAAJ
Robin Kravets,dACRUjgAAAAJ
Robin L. Hill,T-3sP_4AAAAJ
Roger B. Dannenberg,whacJzwAAAAJ
Rohit Parikh,UrXap5MAAAAJ
Rolf Backofen,ZCTrqQkAAAAJ
Romit Roy Choudhury,dq2wG-AAAAAJ
Ron Weiss,_VhMIOIAAAAJ
Ronald Fedkiw,OoItXTkAAAAJ
Ronald L. Rivest,6qE0tdAAAAAJ
Ronald Rosenfeld,vrbjXlMAAAAJ
Rong Chen,kcGU8aoAAAAJ
Roopsha Samanta,t6I0szEAAAAJ
Ross A. Knepper,dgBh0UMAAAAJ
Ross D. King,BgZp7XcAAAAJ
Roy H. Campbell,2ftJYXMAAAAJ
Ruby B. Lee,odeKATgAAAAJ
Rubén Tous,eSkDKsAAAAAJ
Rui Wang,SqgzteEAAAAJ
Ruihong Huang,NU2aHWUAAAAJ
Ruslan Salakhutdinov,ITZ1e7MAAAAJ
Russ Tedrake,nxNkEiYAAAAJ
Russell Impagliazzo,VwQRddkAAAAJ
Ruta Mehta,NfvUWXgAAAAJ
Ryan C. N. D'Arcy,APPBnh4AAAAJ
Ryan Kastner,lfLiQmcAAAAJ
Ryan O'Donnell,Z8U0BwcAAAAJ
Ryan Riley,75JB_d0AAAAJ
Ryan Robucci,Kdw47AcAAAAJ
S. Bapi Raju,bbSYyiAAAAAJ
S. Shankar Sastry,KgZxzjsAAAAJ
S.-H. Gary Chan,uiCSOycAAAAJ
Sachin Katti,cc4Qi_IAAAAJ
Sahand Negahban,3p-KQUwAAAAJ
Saleh Al-Sharaeh,7zZ86FsAAAAJ
Salvatore La Torre,aWRR6EAAAAAJ
Samir Khuller,6vXTtDQAAAAJ
Sampath Kannan,aiPgs4oAAAAJ
Samuel Madden,a1ngrCIAAAAJ
Samuel R. Bowman,kV9XRxYAAAAJ
Samuel R. Buss,HlXPvCoAAAAJ
Sandra L. Mitchell,QStDPcwAAAAJ
Sanjam Garg,mb8mQH8AAAAJ
Sanjay Chawla,fdUJcwYAAAAJ
Sanjay Ranka,j7WSgbwAAAAJ
Sanjeev Arora,RUP4S68AAAAJ
Sanjeev Baskiyar,hrOiwPIAAAAJ
Sanjeev Khanna,HriWXcEAAAAJ
Sanjit A. Seshia,SlZavnIAAAAJ
Sanmay Das,HRSDO6IAAAAJ
Santiago Ontañón,aS-DrOwAAAAJ
Santosh Pande,d6vL_ZkAAAAJ
Santosh Vempala,hRggMmIAAAAJ
Sasa Misailovic,3qJQjIYAAAAJ
Saswata Shannigrahi,PbbIftYAAAAJ
Sathya Peri,fUUk1jkAAAAJ
Satinder P. Singh,cgkG5wsAAAAJ
Satish Narayanasamy,MZKvGjYAAAAJ
Satish Rao,x_cgL6gAAAAJ
Saugata Basu,8i0lYbAAAAAJ
Saul Kripke,MRCc_ugAAAAJ
Saurabh Bagchi,3EfsOvYAAAAJ
Saurabh Sinha,7BM1uyYAAAAJ
Sayan Mitra,dXUl8ewAAAAJ
Sayeef Salahuddin,Ay4FZFUAAAAJ
Scott Aaronson,7Qra5zYAAAAJ
Scott D. Stoller,9HNdszIAAAAJ
Scott E. Hudson,6YU6_QoAAAAJ
Scott Niekum,4wXYfSUAAAAJ
Scott Rixner,MvxSD2AAAAAJ
Sea Ling,16YOBUgAAAAJ
Sean W. Smith,hjaMuwsAAAAJ
See-Kiong Ng,_wsommYAAAAJ
Serge Gaspers,QVwxstgAAAAJ
Sergei Nirenburg,08W2rQIAAAAJ
Sergey Levine,8R35rCwAAAAJ
Sergey Polyakovskiy,JTeFG4IAAAAJ
Sergio Alvarez,X8_J4FEAAAAJ
Seth Copen Goldstein,NoNHPb4AAAAJ
Seth Hutchinson,-JPZ21IAAAAJ
Seth Pettie,ao_EFbUAAAAJ
Seth R. Sanders,Qb7xQQ0AAAAJ
Shaddin Dughmi,jn-B_MoAAAAJ
Shahram Ghandeharizadeh,FI5-sZEAAAAJ
Sham M. Kakade,wb-DKCIAAAAJ
Shambhu Upadhyaya,9XFx3VMAAAAJ
Shamkant B. Navathe,_Z12v2IAAAAJ
Shanika Karunasekera,WG0tRVcAAAAJ
Shankar Kalyanasundaram,6RbnrdYAAAAJ
Shankar Sastry,KgZxzjsAAAAJ
Shanton Chang,saxbu9cAAAAJ
Shaoping Ma,NfSYQ90AAAAJ
Shaoqun Wu,RlOtjQoAAAAJ
Shaowen Wang,qcUhJIcAAAAJ
Sharad Malik,MV8KGT0AAAAJ
Sharad Mehrotra,MTZaRW4AAAAJ
Sharon Goldberg,lJ8qjPAAAAAJ
Shayan Oveis Gharan,TZWVRR8AAAAJ
Shazia Sadiq,1Jo0EmIAAAAJ
Sheldon H. Jacobson,ZLTSUtsAAAAJ
Shen Furao,bjSi-dIAAAAJ
Shih-Fu Chang,OMVTRscAAAAJ
Shihao Yan,D3VWD4UAAAAJ
Shiri Azenkot,jNQlAkoAAAAJ
Shivani Agarwal,z7lkXXkAAAAJ
Shlomo Zilberstein,q_n7d6EAAAAJ
Shobha Vasudevan,_bdmmpAAAAAJ
Shoji Takeuchi,DqVCX9AAAAAJ
Shree K. Nayar,Yj7KQmQAAAAJ
Shrikanth S. Narayanan,8EDHmYkAAAAJ
Shuchi Chawla,Znp3UkEAAAAJ
Shuming Gao,QZBgwvsAAAAJ
Siau-Cheng Khoo,jjcAIkQAAAAJ
Sicun Gao,UmyrEtcAAAAJ
Siddhartha S. Srinivasa,RCi98EAAAAAJ
Sidney Karin,jDl3sroAAAAJ
Simon Julier,BHUj3DkAAAAJ
Simon Lacoste-Julien,oejm5IUAAAAJ
Simon Lucey,vmAe35UAAAAJ
Simon Peter,6fllVQQAAAAJ
Simon S. Lam,0XV1sFsAAAAJ
Smruti R. Sarangi,-5JfCRsAAAAJ
Somesh Jha,BaI7l8QAAAAJ
Song-Chun Zhu,Al8dyb4AAAAJ
Songwu Lu,PVdTviYAAAAJ
Sonia Chernova,EYo_WkEAAAAJ
Sorin Lerner,C6Pd5zoAAAAJ
Sourish Dasgupta,dK0_8CcAAAAJ
Srini Srinivasan,EaKGGhsAAAAJ
Srinivas Aluru,YOGOScoAAAAJ
Srinivasan Parthasarathy,2mjUsP8AAAAJ
Sriram Kailasam,xLWew1gAAAAJ
Sriram Sankararaman,PnUH2KUAAAAJ
Srivas Chennu,8BIf5MEAAAAJ
Stacy Patterson,7b_ipvgAAAAJ
Stanley Williamson,dAFE2L8AAAAJ
Stefan Marr,h7WXkAoAAAAJ
Stefan Schaal,YGQs1AYAAAAJ
Stefanie Jegelka,gTWUZlsAAAAJ
Stefanie Müller,ki5wlPEAAAAJ
Stefano Chessa,KHO57CAAAAAJ
Stefano Soatto,lH1PdF8AAAAJ
Stelian Coros,DFQNrvUAAAAJ
Stephen A. Edwards,3aw_314AAAAJ
Stephen Blackburn,HgSTO7oAAAAJ
Stephen C. Y. Lu,N4TZNVoAAAAJ
Stephen D. Brookes,yBq9ovYAAAAJ
Stephen Mann,r8jslMgAAAAJ
Stephen Viller,spHMPHgAAAAJ
Steve Cutchin,vH5VbsQAAAAJ
Steve Hailes,LJD3OxkAAAAJ
Steve Marschner,llo3F3QAAAAJ
Steve Zdancewic,19kNRU0AAAAJ
Steven Feiner,PogsVkYAAAAJ
Steven M. LaValle,72e5VYEAAAAJ
Steven Rudich,qLuAbhMAAAAJ
Steven Swanson,jz1YYgwAAAAJ
Stratis Viglas,ZxgGJMwAAAAJ
Stuart Anderson,qAaJr0oAAAAJ
Stuart J. Russell,KJGrjCAAAAAJ
Su-In Lee,3ifikJ0AAAAJ
Subhasish Mitra,ZZrSuh8AAAAJ
Subhransu Maji,l7Qx0zAAAAAJ
Subodh Kumar,jt-MGL8AAAAJ
Sudhakar Ganti,NIhjhnEAAAAJ
Sudipto Ghosh,I5zd7t0AAAAJ
Suely Oliveira,eDMCSJwAAAAJ
Suman Banerjee,cLb-v7gAAAAJ
Suman Jana,SDY9FwUAAAAJ
Sumit Kumar Jha,3kJbs98AAAAJ
Sune Darkner,Z_bvPmcAAAAJ
Sunil Prabhakar,hQazr50AAAAJ
Suprio Ray,fWQrwFkAAAAJ
Suresh Jagannathan,bqkhX54AAAAJ
Susan Foster,v7seeT0AAAAJ
Susanne Bødker,tO-dGhkAAAAJ
Sushmita Roy,vzmzPSIAAAAJ
Sven Koenig,tpoh43QAAAAJ
Svetlana Lazebnik,xKOEaRoAAAAJ
Svetlana Yarosh,n6bjh24AAAAJ
Sylvia Ratnasamy,sAdDcvQAAAAJ
Szymon Rusinkiewicz,RaScARwAAAAJ
T. C. Hu,OBvvEPcAAAAJ
T. N. Vijaykumar,6eun8QkAAAAJ
Tadayoshi Kohno,s_YDrrgAAAAJ
Taesoo Kim,06hgT8gAAAAJ
Tai Sing Lee,9TAiIIMAAAAJ
Tajana Simunic,CeieiIgAAAAJ
Takeo Kanade,LQ87h3sAAAAJ
Tal Malkin,c0yPSEYAAAAJ
Tamar Shinar,KibUW1sAAAAJ
Tanzeem Choudhury,-pyztDMAAAAJ
Tao Xie,DhhH9J4AAAAJ
Tat Yung Kong,Hbb5UBgAAAAJ
Tauhidur Rahman,h-o1650AAAAJ
Ted Herman,89vejUwAAAAJ
Thad Starner,qr8Vo9IAAAAJ
ThanhVu Nguyen,TLcVQ-MAAAAJ
Theodoris Rekatsinas,ZUzG5igAAAAJ
Thomas Begin,YJS1hw0AAAAJ
Thomas Courtade,xRmmtzIAAAAJ
Thomas Dillig,Wlq5rZEAAAAJ
Thomas Dueholm Hansen,yng9wxIAAAAJ
Thomas F. Wenisch,MJ5G4xgAAAAJ
Thomas Kühne,2oKrVJ4AAAAJ
Thomas P. Hayes,RsicLQsAAAAJ
Thomas R. Gross,YcxiFvMAAAAJ
Thomas Ristenpart,MGVrVSIAAAAJ
Thomas Rothvoß,Ad-hkLEAAAAJ
Thorsten Joachims,5tk1PV8AAAAJ
Tiark Rompf,L8zhVsMAAAAJ
Tijana Milenkovic,QrS2y5sAAAAJ
Tijs van der Storm,yJ5PAekAAAAJ
Tim Finin,p5oWQ0AAAAAJ
Tim Roughgarden,0lcJYs8AAAAJ
Timothy Bretl,ab_0lGcAAAAJ
Timothy Ravasi,UR9EUP8AAAAJ
Ting Chen,GnoD6-gAAAAJ
Tingting Yu,vcg-v-IAAAAJ
Toby Walsh,oOQ6x0IAAAAJ
Todd C. Mowry,MYsIXF4AAAAJ
Todd F. Dupont,BCRISEEAAAAJ
Tom Denison,BzNBhvAAAAAJ
Tom Gedeon,lPTjWIkAAAAJ
Tom Goldstein,KmSuVtgAAAAJ
Tom Henderson,khCvByoAAAAJ
Tom M. Mitchell,_ZVyA_gAAAAJ
Tomasz Kazana,r0mZYagAAAAJ
Tony Jebara,Dn_qYK8AAAAJ
Tony Nowatzki,1hLMcNsAAAAJ
Tony Quek,0o1tkokAAAAJ
Torsten Braun,eL8OzgIAAAAJ
Toshiyuki Nakata,wXZ9Ym4AAAAJ
Tran Cao Son,7jKj_NcAAAAJ
Trent Jaeger,JS8aznIAAAAJ
Trevor Darrell,bh-uRFMAAAAJ
Tsu-Jae King Liu,lMUmE_UAAAAJ
Tsuhan Chen,syCMBRIAAAAJ
Tuomas Sandholm,0DpK1EMAAAAJ
Tyson Condie,7SdcAiEAAAAJ
Umakishore Ramachandran,J1tqbNAAAAAJ
Umesh Bellur,WnjGMjIAAAAJ
Umut A. Acar,wJ4NywgAAAAJ
Uwe Aßmann,KiiBpMgAAAAJ
Uwe Röhm,hJjASywAAAAJ
V. N. Muralidhara,qYHo_C4AAAAJ
V. S. Subrahmanian,PLt9wB8AAAAJ
V. Vijaya Saradhi,1DpQo5AAAAAJ
Valeria Bertacco,IXiAPMoAAAAJ
Venkata Yaramasu,9WeLp14AAAAJ
Venkataramana Badarla,r8QoCG4AAAAJ
Vern Paxson,HvwPRJ0AAAAJ
Verónica Becher,_7APZ6sAAAAJ
Viacheslav Fofanov,FzbNWs4AAAAJ
Victor Pan,9-i5_74AAAAJ
Victor Vianu,CK_GLC8AAAAJ
Victor Zue,uvsx5WUAAAAJ
Vijay Chidambaram,KlpusxAAAAAJ
Vijay Ganesh,YP23eR0AAAAJ
Vijay Kumar,h6h5FdoAAAAJ
Vijaya Ramachandran,thajK3gAAAAJ
Viktor K. Prasanna,4FQXSP8AAAAJ
Vinay P. Namboodiri,JyHi9OoAAAAJ
Vincent Aleven,ztkfnCsAAAAJ
Vincent Liu,z84dqmcAAAAJ
Vineet Bafna,NzQu5SwAAAAJ
Vineet Gandhi,PVlBz8oAAAAJ
Vinod Vaikuntanathan,a8jIPIkAAAAJ
Vipul Goyal,BYLsgysAAAAJ
Virginia Vassilevska Williams,Wph6P_IAAAAJ
Vishal Misra,9hPnkXsAAAAJ
Vivek Chaturvedi,uLCnTDEAAAAJ
Vivek Sarkar,XjeIqxYAAAAJ
Vivek Subramanian,j-KcbbAAAAAJ
Vladimir Lifschitz,FuOqWNEAAAAJ
Vladimir Stojanovic,rsGmH38AAAAJ
Vyas Sekar,5V852JcAAAAJ
W. Bruce Croft,ArV74ZMAAAAJ
Wai-Tat Fu,W_KpAMcAAAAJ
Walid G. Aref,vX45evgAAAAJ
Walter Binder,g0nBOnMAAAAJ
Walter D. Potter,GDkG3T4AAAAJ
Walter L. Ruzzo,n3LTWi8AAAAJ
Walter S. Lasecki,ZIExHooAAAAJ
Warren A. Hunt Jr.,D6fp6_cAAAAJ
Warren B. Powell,vDw80QEAAAAJ
Wee Sun Lee,8PCrLgwAAAAJ
Wei Le,QjFu7LEAAAAJ
Wei Wang,4ocukVMAAAAJ
Weili Wu,Flmif3gAAAAJ
Weining Zhang,qmc5whEAAAAJ
Weiying Dai,r6DIjzUAAAAJ
Wen-mei W. Hwu,ohjQPx8AAAAJ
Wendy Hui Wang,3pXvHPUAAAAJ
Weng Cho Chew,wPH1kk0AAAAJ
Wenke Lee,nfkH5V4AAAAJ
Wenyao Xu,dvvN6qsAAAAJ
Wesley Willett,Q17-rckAAAAJ
Westley Weimer,Tj-vav8AAAAJ
Willem Heijltjes,TzO85XoAAAAJ
Willem-Paul Brinkman,cYKXTxMAAAAJ
William Aiello,7gbCeoEAAAAJ
William G. J. Halfond,98W28JoAAAAJ
William H. Sanders,FClnlsgAAAAJ
William R. Harris,3meNm80AAAAJ
William R. Michalson,rau-pbUAAAAJ
William T. Freeman,0zZnyMEAAAAJ
William W. Cohen,8ys-38kAAAAJ
William Whittaker,ouKJUyEAAAAJ
Wojciech Jarosz,vrjL9p0AAAAJ
Wojciech Jaworski,-U3eYewAAAAJ
Wojciech Rytter,hFJHqF4AAAAJ
Wyatt Lloyd,NU-FHh4AAAAJ
Xi Wang,6NMfUhAAAAAJ
Xia Zhou,t_DFZvgAAAAJ
Xiang Ren,_moJlrIAAAAJ
Xiaofei He,QLLFowsAAAAJ
Xiaohui Xie,1CR0meYAAAAJ
Xiaojin Zhu,hqTu-QcAAAAJ
Xiaoli Fern,rnDD_oEAAAAJ
Xike Xie,_7me62sAAAAJ
Xinbing Wang,CT5yZbwAAAAJ
Xiu Li,wrKyJYsAAAAJ
Xuehai Qian,5QL8V68AAAAJ
Xuhua Ding,zUEUsv4AAAAJ
Y. Charlie Hu,r1Z8YhQAAAAJ
Yair Bartal,eCXP24kAAAAJ
Yang Richard Yang,AQ6AppgAAAAJ
Yaniv Erlich,DbDbLZEAAAAJ
Yaoyun Shi,0LS98DEAAAAJ
Yee-Hong Yang,dDNv_sAAAAAJ
Yiannis Cotronis,9IbOFmMAAAAJ
Yih-Chun Hu,VvvjMCgAAAAJ
Yike Guo,-0q6cIYAAAAJ
Yiming Yang,MlZq4XwAAAAJ
Yin Zhang,DSEH8XsAAAAJ
Ying Cai,N3Jc1zMAAAAJ
Ying-li Tian,aAWeB4wAAAAJ
Yingyu Liang,_RVvnS4AAAAJ
Yinqian Zhang,C7htwEIAAAAJ
Yiying Zhang,5AWXENIAAAAJ
Yoav Artzi,XuQW7ogAAAAJ
Yoav Freund,NFdG-GMAAAAJ
Yolanda Becerra,pbjpZnBQp8oC
Yong Cao,Vb5nXFMAAAAJ
Yong-Lae Park,kBsTE7AAAAAJ
Yongwei Wu,ld3axtkAAAAJ
Yongzhi Cao,VEhLdikAAAAJ
Yoshimasa Tsuruoka,J2CkFngAAAAJ
Yossi Azar,ShzSUnwAAAAJ
Youyi Zheng,7gA-o6gAAAAJ
Yu Lei,YG60wS4AAAAJ
Yuan Luo,-ywCC5AAAAAJ
Yuan Qi,5GS24_oAAAAJ
Yuanfang Cai,14rruLUAAAAJ
Yuanyuan Zhou,rWl0U0oAAAAJ
Yulei Sui,wGHqq1cAAAAJ
Yulia Tsvetkov,SEDPkrsAAAAJ
Yun S. Song,1NTSe1wAAAAJ
Yunan Chen,LGHhEQ8AAAAJ
Yung-Hsiang Lu,aORND2cAAAAJ
Yuping Wang,AdCVXc8AAAAJ
Yuriy Brun,YVfr3wwAAAAJ
Yusu Wang,L7jhqMIAAAAJ
Yuvraj Agarwal,H4UeZ2MAAAAJ
Yuxin Chen,RtNVud4AAAAJ
Yvonne Rogers,qzcYcEAAAAAJ
Zachary G. Ives,2wJaIkEAAAAJ
Zachary Kincaid,uT9We9MAAAAJ
Zachary Tatlock,jz2Tvk4AAAAJ
Zeeshan Syed,BqYF2IsAAAAJ
Zeyar Aung,FPTI7B4AAAAJ
Zhaoping Li,V3sgCS0AAAAJ
Zhendong Su,RivxoIcAAAAJ
Zhi Yang,mRfQhEsAAAAJ
Zhihong Deng,tRoAxlsAAAAJ
Zhipeng Wang,DaR-IOkAAAAJ
Zhiqiang Liu,HewFucwAAAAJ
Zhiru Zhang,x05pUHsAAAAJ
Zhiyuan Li,ExE3z20AAAAJ
Zhong Shao,9OukeycAAAAJ
Zhongfei Zhang,RM7y-rcAAAAJ
Zhuowen Tu,9oz-dvgAAAAJ
Zia Khan,gJkhFkgAAAAJ
Ziv Bar-Joseph,9DCRnPkAAAAJ
Zoran Popovic,0Qr2IGwAAAAJ
Éva Tardos,h6jljQQAAAAJ
Ümit V. Çatalyürek,OLDMURQAAAAJ
